,Date,Weathercode,Max Temperature,Min Temperature,Mean Temperature,Sunrise,Sunset,Total Precipitation,Total Rain,Total Snow
0,2018-05-06,[2],[69.9],[40.4],[56.0],['2018-05-06T06:19'],['2018-05-06T20:27'],[0.0],[0.0],[0.0]
1,2018-05-07,[2],[66.1],[42.9],[55.5],['2018-05-07T06:17'],['2018-05-07T20:29'],[0.0],[0.0],[0.0]
2,2018-05-08,[0],[65.4],[40.6],[53.8],['2018-05-08T06:16'],['2018-05-08T20:30'],[0.0],[0.0],[0.0]
3,2018-05-09,[53],[69.7],[43.1],[56.5],['2018-05-09T06:15'],['2018-05-09T20:31'],[0.055],[0.055],[0.0]
4,2018-05-10,[61],[60.5],[43.3],[53.4],['2018-05-10T06:14'],['2018-05-10T20:32'],[0.083],[0.083],[0.0]
5,2018-05-11,[61],[53.0],[40.3],[45.1],['2018-05-11T06:13'],['2018-05-11T20:33'],[0.542],[0.542],[0.0]
6,2018-05-12,[73],[46.7],[35.2],[40.6],['2018-05-12T06:12'],['2018-05-12T20:34'],[0.422],[0.289],[0.937]
7,2018-05-13,[53],[55.2],[30.0],[42.8],['2018-05-13T06:11'],['2018-05-13T20:35'],[0.063],[0.063],[0.0]
8,2018-05-14,[61],[57.6],[32.5],[45.0],['2018-05-14T06:10'],['2018-05-14T20:36'],[0.217],[0.217],[0.0]
9,2018-05-15,[55],[60.4],[32.2],[47.3],['2018-05-15T06:09'],['2018-05-15T20:37'],[0.055],[0.055],[0.0]
10,2018-05-16,[1],[65.0],[36.7],[52.2],['2018-05-16T06:08'],['2018-05-16T20:38'],[0.0],[0.0],[0.0]
11,2018-05-17,[51],[63.8],[37.9],[52.2],['2018-05-17T06:07'],['2018-05-17T20:38'],[0.012],[0.012],[0.0]
12,2018-05-18,[63],[56.1],[40.6],[47.6],['2018-05-18T06:06'],['2018-05-18T20:39'],[0.316],[0.316],[0.0]
13,2018-05-19,[51],[58.1],[37.4],[48.6],['2018-05-19T06:06'],['2018-05-19T20:40'],[0.04],[0.04],[0.0]
14,2018-05-20,[55],[65.6],[38.0],[51.4],['2018-05-20T06:05'],['2018-05-20T20:41'],[0.133],[0.133],[0.0]
15,2018-05-21,[61],[66.0],[39.9],[53.0],['2018-05-21T06:04'],['2018-05-21T20:42'],[0.118],[0.118],[0.0]
16,2018-05-22,[63],[60.0],[42.0],[49.9],['2018-05-22T06:03'],['2018-05-22T20:43'],[0.35],[0.35],[0.0]
17,2018-05-23,[51],[61.0],[36.1],[50.2],['2018-05-23T06:02'],['2018-05-23T20:44'],[0.024],[0.024],[0.0]
18,2018-05-24,[1],[67.9],[39.2],[55.1],['2018-05-24T06:02'],['2018-05-24T20:45'],[0.0],[0.0],[0.0]
19,2018-05-25,[0],[73.2],[41.5],[59.6],['2018-05-25T06:01'],['2018-05-25T20:46'],[0.0],[0.0],[0.0]
20,2018-05-26,[53],[67.6],[45.3],[57.2],['2018-05-26T06:00'],['2018-05-26T20:46'],[0.064],[0.064],[0.0]
21,2018-05-27,[61],[55.9],[43.5],[50.0],['2018-05-27T06:00'],['2018-05-27T20:47'],[0.336],[0.336],[0.0]
22,2018-05-28,[61],[56.6],[38.8],[48.6],['2018-05-28T05:59'],['2018-05-28T20:48'],[0.198],[0.198],[0.0]
23,2018-05-29,[51],[61.2],[40.8],[52.1],['2018-05-29T05:59'],['2018-05-29T20:49'],[0.064],[0.064],[0.0]
24,2018-05-30,[51],[71.2],[40.6],[57.4],['2018-05-30T05:58'],['2018-05-30T20:50'],[0.008],[0.008],[0.0]
25,2018-05-31,[51],[72.0],[44.9],[59.2],['2018-05-31T05:58'],['2018-05-31T20:50'],[0.016],[0.016],[0.0]
26,2018-06-01,[53],[54.4],[43.1],[49.9],['2018-06-01T05:57'],['2018-06-01T20:51'],[0.096],[0.096],[0.0]
27,2018-06-02,[0],[65.9],[35.5],[52.6],['2018-06-02T05:57'],['2018-06-02T20:52'],[0.0],[0.0],[0.0]
28,2018-06-03,[1],[73.1],[40.6],[58.4],['2018-06-03T05:57'],['2018-06-03T20:53'],[0.0],[0.0],[0.0]
29,2018-06-04,[1],[79.3],[43.6],[63.3],['2018-06-04T05:56'],['2018-06-04T20:53'],[0.0],[0.0],[0.0]
30,2018-06-05,[1],[76.8],[53.2],[65.3],['2018-06-05T05:56'],['2018-06-05T20:54'],[0.0],[0.0],[0.0]
31,2018-06-06,[51],[78.2],[48.8],[64.1],['2018-06-06T05:56'],['2018-06-06T20:55'],[0.012],[0.012],[0.0]
32,2018-06-07,[1],[77.1],[50.6],[65.4],['2018-06-07T05:56'],['2018-06-07T20:55'],[0.0],[0.0],[0.0]
33,2018-06-08,[0],[75.3],[47.8],[63.6],['2018-06-08T05:55'],['2018-06-08T20:56'],[0.0],[0.0],[0.0]
34,2018-06-09,[0],[80.2],[48.0],[66.2],['2018-06-09T05:55'],['2018-06-09T20:56'],[0.0],[0.0],[0.0]
35,2018-06-10,[1],[67.5],[46.9],[53.1],['2018-06-10T05:55'],['2018-06-10T20:57'],[0.0],[0.0],[0.0]
36,2018-06-11,[0],[68.1],[38.2],[54.6],['2018-06-11T05:55'],['2018-06-11T20:57'],[0.0],[0.0],[0.0]
37,2018-06-12,[0],[71.9],[42.9],[59.4],['2018-06-12T05:55'],['2018-06-12T20:58'],[0.0],[0.0],[0.0]
38,2018-06-13,[0],[82.6],[45.2],[66.3],['2018-06-13T05:55'],['2018-06-13T20:58'],[0.0],[0.0],[0.0]
39,2018-06-14,[1],[80.3],[57.6],[69.3],['2018-06-14T05:55'],['2018-06-14T20:59'],[0.0],[0.0],[0.0]
40,2018-06-15,[51],[76.0],[49.9],[64.8],['2018-06-15T05:55'],['2018-06-15T20:59'],[0.004],[0.004],[0.0]
41,2018-06-16,[51],[72.9],[51.3],[62.5],['2018-06-16T05:55'],['2018-06-16T20:59'],[0.024],[0.024],[0.0]
42,2018-06-17,[53],[74.8],[56.1],[64.9],['2018-06-17T05:55'],['2018-06-17T21:00'],[0.032],[0.032],[0.0]
43,2018-06-18,[55],[63.4],[47.4],[55.2],['2018-06-18T05:55'],['2018-06-18T21:00'],[0.175],[0.175],[0.0]
44,2018-06-19,[2],[63.0],[47.9],[55.8],['2018-06-19T05:55'],['2018-06-19T21:00'],[0.0],[0.0],[0.0]
45,2018-06-20,[0],[70.3],[43.3],[58.5],['2018-06-20T05:55'],['2018-06-20T21:01'],[0.0],[0.0],[0.0]
46,2018-06-21,[1],[78.1],[47.1],[64.4],['2018-06-21T05:56'],['2018-06-21T21:01'],[0.0],[0.0],[0.0]
47,2018-06-22,[1],[69.9],[51.4],[61.6],['2018-06-22T05:56'],['2018-06-22T21:01'],[0.0],[0.0],[0.0]
48,2018-06-23,[51],[73.6],[48.1],[62.2],['2018-06-23T05:56'],['2018-06-23T21:01'],[0.032],[0.032],[0.0]
49,2018-06-24,[1],[68.6],[45.9],[59.7],['2018-06-24T05:56'],['2018-06-24T21:01'],[0.0],[0.0],[0.0]
50,2018-06-25,[0],[79.3],[45.3],[64.4],['2018-06-25T05:57'],['2018-06-25T21:02'],[0.0],[0.0],[0.0]
51,2018-06-26,[0],[82.1],[52.5],[69.1],['2018-06-26T05:57'],['2018-06-26T21:02'],[0.0],[0.0],[0.0]
52,2018-06-27,[1],[86.1],[52.3],[71.4],['2018-06-27T05:58'],['2018-06-27T21:02'],[0.0],[0.0],[0.0]
53,2018-06-28,[1],[84.1],[60.2],[72.3],['2018-06-28T05:58'],['2018-06-28T21:02'],[0.0],[0.0],[0.0]
54,2018-06-29,[51],[67.6],[53.8],[61.8],['2018-06-29T05:58'],['2018-06-29T21:02'],[0.012],[0.012],[0.0]
55,2018-06-30,[1],[65.6],[50.7],[58.9],['2018-06-30T05:59'],['2018-06-30T21:02'],[0.0],[0.0],[0.0]
56,2018-07-01,[0],[74.3],[45.3],[61.8],['2018-07-01T05:59'],['2018-07-01T21:01'],[0.0],[0.0],[0.0]
57,2018-07-02,[2],[80.1],[49.4],[66.7],['2018-07-02T06:00'],['2018-07-02T21:01'],[0.0],[0.0],[0.0]
58,2018-07-03,[51],[77.7],[53.3],[66.5],['2018-07-03T06:00'],['2018-07-03T21:01'],[0.02],[0.02],[0.0]
59,2018-07-04,[1],[83.1],[50.8],[69.0],['2018-07-04T06:01'],['2018-07-04T21:01'],[0.0],[0.0],[0.0]
60,2018-07-05,[51],[85.3],[52.7],[71.3],['2018-07-05T06:01'],['2018-07-05T21:01'],[0.004],[0.004],[0.0]
61,2018-07-06,[1],[89.2],[56.6],[74.9],['2018-07-06T06:02'],['2018-07-06T21:00'],[0.0],[0.0],[0.0]
62,2018-07-07,[1],[87.3],[62.5],[75.8],['2018-07-07T06:03'],['2018-07-07T21:00'],[0.0],[0.0],[0.0]
63,2018-07-08,[51],[89.5],[59.4],[76.3],['2018-07-08T06:03'],['2018-07-08T21:00'],[0.012],[0.012],[0.0]
64,2018-07-09,[53],[87.2],[59.3],[74.1],['2018-07-09T06:04'],['2018-07-09T20:59'],[0.072],[0.072],[0.0]
65,2018-07-10,[1],[87.3],[61.4],[75.6],['2018-07-10T06:05'],['2018-07-10T20:59'],[0.0],[0.0],[0.0]
66,2018-07-11,[61],[82.7],[60.7],[72.6],['2018-07-11T06:05'],['2018-07-11T20:58'],[0.083],[0.083],[0.0]
67,2018-07-12,[53],[81.9],[58.8],[71.5],['2018-07-12T06:06'],['2018-07-12T20:58'],[0.04],[0.04],[0.0]
68,2018-07-13,[1],[83.7],[58.4],[72.7],['2018-07-13T06:07'],['2018-07-13T20:57'],[0.0],[0.0],[0.0]
69,2018-07-14,[51],[77.1],[61.6],[67.9],['2018-07-14T06:08'],['2018-07-14T20:57'],[0.02],[0.02],[0.0]
70,2018-07-15,[1],[85.0],[55.0],[71.4],['2018-07-15T06:09'],['2018-07-15T20:56'],[0.0],[0.0],[0.0]
71,2018-07-16,[2],[84.6],[55.9],[72.3],['2018-07-16T06:09'],['2018-07-16T20:56'],[0.0],[0.0],[0.0]
72,2018-07-17,[1],[82.7],[57.7],[71.5],['2018-07-17T06:10'],['2018-07-17T20:55'],[0.0],[0.0],[0.0]
73,2018-07-18,[1],[85.2],[57.0],[72.9],['2018-07-18T06:11'],['2018-07-18T20:54'],[0.0],[0.0],[0.0]
74,2018-07-19,[1],[86.5],[57.5],[73.8],['2018-07-19T06:12'],['2018-07-19T20:54'],[0.0],[0.0],[0.0]
75,2018-07-20,[53],[83.0],[62.5],[73.8],['2018-07-20T06:13'],['2018-07-20T20:53'],[0.04],[0.04],[0.0]
76,2018-07-21,[53],[85.8],[60.5],[73.4],['2018-07-21T06:13'],['2018-07-21T20:52'],[0.032],[0.032],[0.0]
77,2018-07-22,[61],[75.2],[63.6],[69.5],['2018-07-22T06:14'],['2018-07-22T20:51'],[0.123],[0.123],[0.0]
78,2018-07-23,[1],[82.9],[56.8],[70.8],['2018-07-23T06:15'],['2018-07-23T20:51'],[0.0],[0.0],[0.0]
79,2018-07-24,[1],[86.5],[56.8],[73.3],['2018-07-24T06:16'],['2018-07-24T20:50'],[0.0],[0.0],[0.0]
80,2018-07-25,[61],[84.2],[60.1],[73.5],['2018-07-25T06:17'],['2018-07-25T20:49'],[0.122],[0.122],[0.0]
81,2018-07-26,[2],[84.7],[58.1],[72.3],['2018-07-26T06:18'],['2018-07-26T20:48'],[0.0],[0.0],[0.0]
82,2018-07-27,[61],[83.3],[57.2],[72.0],['2018-07-27T06:19'],['2018-07-27T20:47'],[0.079],[0.079],[0.0]
83,2018-07-28,[3],[85.2],[58.0],[73.6],['2018-07-28T06:20'],['2018-07-28T20:46'],[0.0],[0.0],[0.0]
84,2018-07-29,[1],[82.6],[56.1],[71.3],['2018-07-29T06:21'],['2018-07-29T20:45'],[0.0],[0.0],[0.0]
85,2018-07-30,[0],[84.0],[53.6],[70.5],['2018-07-30T06:22'],['2018-07-30T20:44'],[0.0],[0.0],[0.0]
86,2018-07-31,[1],[87.8],[54.7],[73.4],['2018-07-31T06:23'],['2018-07-31T20:43'],[0.0],[0.0],[0.0]
87,2018-08-01,[51],[84.1],[64.0],[74.7],['2018-08-01T06:23'],['2018-08-01T20:42'],[0.028],[0.028],[0.0]
88,2018-08-02,[51],[81.3],[61.0],[70.6],['2018-08-02T06:24'],['2018-08-02T20:41'],[0.012],[0.012],[0.0]
89,2018-08-03,[51],[82.1],[60.1],[71.4],['2018-08-03T06:25'],['2018-08-03T20:40'],[0.02],[0.02],[0.0]
90,2018-08-04,[1],[80.0],[55.1],[69.4],['2018-08-04T06:26'],['2018-08-04T20:39'],[0.0],[0.0],[0.0]
91,2018-08-05,[51],[76.8],[56.7],[67.7],['2018-08-05T06:27'],['2018-08-05T20:37'],[0.008],[0.008],[0.0]
92,2018-08-06,[0],[79.9],[49.6],[66.4],['2018-08-06T06:28'],['2018-08-06T20:36'],[0.0],[0.0],[0.0]
93,2018-08-07,[0],[81.2],[50.6],[67.6],['2018-08-07T06:29'],['2018-08-07T20:35'],[0.0],[0.0],[0.0]
94,2018-08-08,[0],[84.1],[52.1],[69.8],['2018-08-08T06:30'],['2018-08-08T20:34'],[0.0],[0.0],[0.0]
95,2018-08-09,[0],[87.0],[54.5],[72.5],['2018-08-09T06:31'],['2018-08-09T20:32'],[0.0],[0.0],[0.0]
96,2018-08-10,[2],[89.9],[55.8],[73.9],['2018-08-10T06:32'],['2018-08-10T20:31'],[0.0],[0.0],[0.0]
97,2018-08-11,[51],[88.7],[58.2],[75.0],['2018-08-11T06:33'],['2018-08-11T20:30'],[0.004],[0.004],[0.0]
98,2018-08-12,[51],[85.9],[61.3],[74.8],['2018-08-12T06:34'],['2018-08-12T20:29'],[0.024],[0.024],[0.0]
99,2018-08-13,[53],[83.3],[60.9],[71.6],['2018-08-13T06:35'],['2018-08-13T20:27'],[0.055],[0.055],[0.0]
100,2018-08-14,[2],[81.6],[58.7],[70.6],['2018-08-14T06:36'],['2018-08-14T20:26'],[0.0],[0.0],[0.0]
101,2018-08-15,[1],[81.0],[55.1],[70.3],['2018-08-15T06:37'],['2018-08-15T20:25'],[0.0],[0.0],[0.0]
102,2018-08-16,[51],[80.2],[55.9],[68.9],['2018-08-16T06:38'],['2018-08-16T20:23'],[0.036],[0.036],[0.0]
103,2018-08-17,[51],[81.7],[55.0],[69.3],['2018-08-17T06:39'],['2018-08-17T20:22'],[0.004],[0.004],[0.0]
104,2018-08-18,[51],[75.0],[50.7],[64.6],['2018-08-18T06:40'],['2018-08-18T20:20'],[0.008],[0.008],[0.0]
105,2018-08-19,[0],[77.8],[50.9],[65.3],['2018-08-19T06:41'],['2018-08-19T20:19'],[0.0],[0.0],[0.0]
106,2018-08-20,[51],[83.6],[53.1],[68.3],['2018-08-20T06:42'],['2018-08-20T20:17'],[0.028],[0.028],[0.0]
107,2018-08-21,[63],[75.8],[55.9],[63.8],['2018-08-21T06:43'],['2018-08-21T20:16'],[0.434],[0.434],[0.0]
108,2018-08-22,[63],[73.8],[53.9],[61.9],['2018-08-22T06:44'],['2018-08-22T20:14'],[0.359],[0.359],[0.0]
109,2018-08-23,[51],[73.4],[50.4],[62.3],['2018-08-23T06:45'],['2018-08-23T20:13'],[0.012],[0.012],[0.0]
110,2018-08-24,[61],[75.8],[51.9],[63.9],['2018-08-24T06:46'],['2018-08-24T20:11'],[0.115],[0.115],[0.0]
111,2018-08-25,[1],[76.6],[52.4],[64.8],['2018-08-25T06:47'],['2018-08-25T20:10'],[0.0],[0.0],[0.0]
112,2018-08-26,[2],[74.1],[56.8],[65.1],['2018-08-26T06:48'],['2018-08-26T20:08'],[0.0],[0.0],[0.0]
113,2018-08-27,[2],[65.2],[55.0],[60.2],['2018-08-27T06:49'],['2018-08-27T20:07'],[0.0],[0.0],[0.0]
114,2018-08-28,[0],[64.9],[46.2],[55.6],['2018-08-28T06:50'],['2018-08-28T20:05'],[0.0],[0.0],[0.0]
115,2018-08-29,[1],[75.0],[44.2],[60.7],['2018-08-29T06:51'],['2018-08-29T20:04'],[0.0],[0.0],[0.0]
116,2018-08-31,[2],[73.8],[52.2],[64.0],['2018-08-31T06:53'],['2018-08-31T20:00'],[0.0],[0.0],[0.0]
117,2018-09-01,[1],[72.9],[47.4],[61.1],['2018-09-01T06:54'],['2018-09-01T19:59'],[0.0],[0.0],[0.0]
118,2018-09-02,[1],[76.0],[45.5],[62.0],['2018-09-02T06:55'],['2018-09-02T19:57'],[0.0],[0.0],[0.0]
119,2018-09-03,[51],[76.5],[46.1],[62.7],['2018-09-03T06:56'],['2018-09-03T19:56'],[0.004],[0.004],[0.0]
120,2018-09-05,[51],[78.4],[47.8],[62.9],['2018-09-05T06:58'],['2018-09-05T19:52'],[0.032],[0.032],[0.0]
121,2018-09-08,[51],[78.7],[52.1],[65.5],['2018-09-08T07:01'],['2018-09-08T19:47'],[0.032],[0.032],[0.0]
122,2018-09-09,[1],[76.2],[48.3],[63.4],['2018-09-09T07:02'],['2018-09-09T19:46'],[0.0],[0.0],[0.0]
123,2018-09-11,[1],[77.5],[51.4],[64.6],['2018-09-11T07:04'],['2018-09-11T19:42'],[0.0],[0.0],[0.0]
124,2018-09-12,[0],[73.7],[53.2],[63.4],['2018-09-12T07:04'],['2018-09-12T19:41'],[0.0],[0.0],[0.0]
125,2018-09-13,[0],[70.5],[54.8],[62.1],['2018-09-13T07:05'],['2018-09-13T19:39'],[0.0],[0.0],[0.0]
126,2018-09-14,[0],[76.4],[50.0],[63.6],['2018-09-14T07:06'],['2018-09-14T19:37'],[0.0],[0.0],[0.0]
127,2018-09-15,[1],[80.3],[51.2],[67.4],['2018-09-15T07:07'],['2018-09-15T19:36'],[0.0],[0.0],[0.0]
128,2018-09-16,[2],[77.2],[52.4],[65.9],['2018-09-16T07:08'],['2018-09-16T19:34'],[0.0],[0.0],[0.0]
129,2018-09-18,[0],[76.6],[54.8],[64.9],['2018-09-18T07:10'],['2018-09-18T19:30'],[0.0],[0.0],[0.0]
130,2018-09-19,[0],[72.9],[49.2],[60.6],['2018-09-19T07:11'],['2018-09-19T19:29'],[0.0],[0.0],[0.0]
131,2018-09-20,[0],[61.3],[46.1],[53.9],['2018-09-20T07:12'],['2018-09-20T19:27'],[0.0],[0.0],[0.0]
132,2018-09-22,[0],[74.9],[46.2],[60.6],['2018-09-22T07:14'],['2018-09-22T19:24'],[0.0],[0.0],[0.0]
133,2018-09-23,[51],[71.2],[50.4],[61.0],['2018-09-23T07:15'],['2018-09-23T19:22'],[0.02],[0.02],[0.0]
134,2018-09-24,[0],[60.5],[45.7],[52.7],['2018-09-24T07:16'],['2018-09-24T19:20'],[0.0],[0.0],[0.0]
135,2018-09-25,[1],[60.3],[35.1],[48.5],['2018-09-25T07:17'],['2018-09-25T19:19'],[0.0],[0.0],[0.0]
136,2018-09-26,[1],[61.9],[35.8],[49.4],['2018-09-26T07:18'],['2018-09-26T19:17'],[0.0],[0.0],[0.0]
137,2018-09-27,[0],[67.4],[39.4],[53.6],['2018-09-27T07:19'],['2018-09-27T19:15'],[0.0],[0.0],[0.0]
138,2018-09-29,[1],[74.9],[50.5],[63.1],['2018-09-29T07:21'],['2018-09-29T19:12'],[0.0],[0.0],[0.0]
139,2018-10-01,[51],[69.3],[42.9],[56.8],['2018-10-01T07:23'],['2018-10-01T19:09'],[0.008],[0.008],[0.0]
140,2018-10-03,[61],[61.3],[47.4],[54.1],['2018-10-03T07:25'],['2018-10-03T19:05'],[0.214],[0.214],[0.0]
141,2018-10-04,[55],[55.5],[45.5],[49.9],['2018-10-04T07:26'],['2018-10-04T19:04'],[0.396],[0.396],[0.0]
142,2018-10-05,[63],[46.3],[37.2],[42.1],['2018-10-05T07:27'],['2018-10-05T19:02'],[0.481],[0.481],[0.0]
143,2018-10-06,[51],[47.1],[36.9],[41.9],['2018-10-06T07:28'],['2018-10-06T19:00'],[0.044],[0.044],[0.0]
144,2018-10-07,[73],[46.1],[35.6],[40.4],['2018-10-07T07:29'],['2018-10-07T18:59'],[0.112],[0.056],[0.388]
145,2018-10-09,[75],[45.8],[29.8],[37.5],['2018-10-09T07:32'],['2018-10-09T18:56'],[0.245],[0.167],[0.552]
146,2018-10-11,[71],[41.8],[21.9],[31.4],['2018-10-11T07:34'],['2018-10-11T18:53'],[0.024],[0.02],[0.028]
147,2018-10-12,[3],[44.2],[19.7],[31.1],['2018-10-12T07:35'],['2018-10-12T18:51'],[0.0],[0.0],[0.0]
148,2018-10-13,[2],[48.4],[26.9],[36.4],['2018-10-13T07:36'],['2018-10-13T18:49'],[0.0],[0.0],[0.0]
149,2018-10-17,[2],[52.0],[28.4],[38.4],['2018-10-17T07:40'],['2018-10-17T18:43'],[0.0],[0.0],[0.0]
150,2018-10-18,[3],[47.8],[30.1],[38.3],['2018-10-18T07:41'],['2018-10-18T18:42'],[0.0],[0.0],[0.0]
151,2018-10-21,[55],[60.0],[33.9],[44.9],['2018-10-21T07:45'],['2018-10-21T18:37'],[0.063],[0.063],[0.0]
152,2018-10-22,[61],[57.7],[32.0],[43.3],['2018-10-22T07:46'],['2018-10-22T18:36'],[0.285],[0.285],[0.0]
153,2019-05-03,[1],[47.2],[26.2],[36.8],['2019-05-03T06:22'],['2019-05-03T20:24'],[0.0],[0.0],[0.0]
154,2019-05-04,[51],[53.5],[23.3],[37.9],['2019-05-04T06:21'],['2019-05-04T20:25'],[0.008],[0.008],[0.0]
155,2019-05-05,[51],[57.0],[29.7],[43.0],['2019-05-05T06:20'],['2019-05-05T20:26'],[0.016],[0.016],[0.0]
156,2019-05-06,[53],[58.2],[30.9],[44.3],['2019-05-06T06:19'],['2019-05-06T20:27'],[0.028],[0.028],[0.0]
157,2019-05-07,[61],[48.4],[30.0],[39.5],['2019-05-07T06:18'],['2019-05-07T20:28'],[0.15],[0.15],[0.0]
158,2019-05-08,[73],[47.1],[33.1],[38.8],['2019-05-08T06:17'],['2019-05-08T20:29'],[0.339],[0.231],[0.746]
159,2019-05-09,[73],[44.6],[27.9],[36.4],['2019-05-09T06:15'],['2019-05-09T20:30'],[0.152],[0.032],[0.828]
160,2019-05-10,[2],[50.6],[28.0],[39.3],['2019-05-10T06:14'],['2019-05-10T20:31'],[0.0],[0.0],[0.0]
161,2019-05-11,[2],[54.1],[28.1],[42.5],['2019-05-11T06:13'],['2019-05-11T20:32'],[0.0],[0.0],[0.0]
162,2019-05-12,[0],[60.1],[30.8],[46.7],['2019-05-12T06:12'],['2019-05-12T20:33'],[0.0],[0.0],[0.0]
163,2019-05-13,[1],[64.5],[36.3],[50.8],['2019-05-13T06:11'],['2019-05-13T20:34'],[0.0],[0.0],[0.0]
164,2019-05-14,[1],[66.0],[35.9],[52.0],['2019-05-14T06:10'],['2019-05-14T20:35'],[0.0],[0.0],[0.0]
165,2019-05-15,[3],[65.4],[41.7],[54.0],['2019-05-15T06:09'],['2019-05-15T20:36'],[0.0],[0.0],[0.0]
166,2019-05-16,[55],[62.4],[44.1],[52.1],['2019-05-16T06:08'],['2019-05-16T20:37'],[0.123],[0.123],[0.0]
167,2019-05-17,[75],[43.7],[33.4],[37.8],['2019-05-17T06:07'],['2019-05-17T20:38'],[0.716],[0.344],[2.618]
168,2019-05-18,[73],[44.5],[32.2],[37.7],['2019-05-18T06:07'],['2019-05-18T20:39'],[0.296],[0.072],[1.545]
169,2019-05-19,[53],[49.0],[33.2],[39.0],['2019-05-19T06:06'],['2019-05-19T20:40'],[0.104],[0.104],[0.0]
170,2019-05-20,[53],[45.5],[28.9],[37.6],['2019-05-20T06:05'],['2019-05-20T20:41'],[0.136],[0.136],[0.0]
171,2019-05-21,[73],[42.5],[30.0],[35.7],['2019-05-21T06:04'],['2019-05-21T20:42'],[0.311],[0.252],[0.471]
172,2019-05-22,[73],[43.3],[32.4],[37.4],['2019-05-22T06:03'],['2019-05-22T20:43'],[0.397],[0.237],[1.133]
173,2019-05-23,[75],[44.0],[31.0],[36.7],['2019-05-23T06:03'],['2019-05-23T20:44'],[0.612],[0.356],[1.821]
174,2019-05-24,[75],[46.5],[32.6],[39.3],['2019-05-24T06:02'],['2019-05-24T20:45'],[0.474],[0.172],[2.121]
175,2019-05-25,[51],[54.3],[30.1],[43.1],['2019-05-25T06:01'],['2019-05-25T20:45'],[0.02],[0.02],[0.0]
176,2019-05-26,[53],[59.0],[31.9],[45.5],['2019-05-26T06:01'],['2019-05-26T20:46'],[0.04],[0.04],[0.0]
177,2019-05-27,[73],[49.4],[36.7],[42.2],['2019-05-27T06:00'],['2019-05-27T20:47'],[0.36],[0.28],[0.578]
178,2019-05-28,[53],[50.5],[35.7],[42.5],['2019-05-28T06:00'],['2019-05-28T20:48'],[0.211],[0.211],[0.0]
179,2019-05-29,[51],[54.6],[32.6],[45.3],['2019-05-29T05:59'],['2019-05-29T20:49'],[0.028],[0.028],[0.0]
180,2019-05-30,[63],[60.5],[33.3],[47.5],['2019-05-30T05:58'],['2019-05-30T20:50'],[0.154],[0.154],[0.0]
181,2019-05-31,[55],[61.3],[35.1],[49.5],['2019-05-31T05:58'],['2019-05-31T20:50'],[0.15],[0.15],[0.0]
182,2019-06-01,[61],[62.2],[38.8],[51.5],['2019-06-01T05:58'],['2019-06-01T20:51'],[0.195],[0.195],[0.0]
183,2019-06-02,[61],[63.8],[39.1],[52.4],['2019-06-02T05:57'],['2019-06-02T20:52'],[0.123],[0.123],[0.0]
184,2019-06-03,[51],[64.5],[39.7],[53.4],['2019-06-03T05:57'],['2019-06-03T20:53'],[0.016],[0.016],[0.0]
185,2019-06-04,[55],[65.8],[40.4],[54.4],['2019-06-04T05:56'],['2019-06-04T20:53'],[0.051],[0.051],[0.0]
186,2019-06-05,[2],[67.7],[42.4],[56.8],['2019-06-05T05:56'],['2019-06-05T20:54'],[0.0],[0.0],[0.0]
187,2019-06-06,[53],[72.9],[44.1],[60.2],['2019-06-06T05:56'],['2019-06-06T20:55'],[0.052],[0.052],[0.0]
188,2019-06-07,[53],[68.7],[45.1],[57.5],['2019-06-07T05:56'],['2019-06-07T20:55'],[0.068],[0.068],[0.0]
189,2019-06-08,[51],[48.1],[36.3],[42.0],['2019-06-08T05:55'],['2019-06-08T20:56'],[0.004],[0.004],[0.0]
190,2019-06-09,[0],[57.0],[29.9],[45.2],['2019-06-09T05:55'],['2019-06-09T20:56'],[0.0],[0.0],[0.0]
191,2019-06-10,[1],[64.4],[35.2],[51.6],['2019-06-10T05:55'],['2019-06-10T20:57'],[0.0],[0.0],[0.0]
192,2019-06-11,[1],[66.4],[40.6],[55.1],['2019-06-11T05:55'],['2019-06-11T20:57'],[0.0],[0.0],[0.0]
193,2019-06-12,[1],[71.7],[42.4],[58.7],['2019-06-12T05:55'],['2019-06-12T20:58'],[0.0],[0.0],[0.0]
194,2019-06-13,[53],[72.2],[46.3],[61.0],['2019-06-13T05:55'],['2019-06-13T20:58'],[0.06],[0.06],[0.0]
195,2019-06-14,[51],[65.8],[42.4],[56.8],['2019-06-14T05:55'],['2019-06-14T20:59'],[0.012],[0.012],[0.0]
196,2019-06-15,[1],[68.6],[45.2],[59.1],['2019-06-15T05:55'],['2019-06-15T20:59'],[0.0],[0.0],[0.0]
197,2019-06-16,[51],[69.9],[45.8],[59.0],['2019-06-16T05:55'],['2019-06-16T20:59'],[0.004],[0.004],[0.0]
198,2019-06-17,[63],[66.1],[47.8],[58.3],['2019-06-17T05:55'],['2019-06-17T21:00'],[0.15],[0.15],[0.0]
199,2019-06-18,[51],[67.7],[43.9],[57.3],['2019-06-18T05:55'],['2019-06-18T21:00'],[0.012],[0.012],[0.0]
200,2019-06-19,[1],[70.5],[51.1],[61.2],['2019-06-19T05:55'],['2019-06-19T21:00'],[0.0],[0.0],[0.0]
201,2019-06-20,[61],[70.3],[47.1],[58.3],['2019-06-20T05:55'],['2019-06-20T21:01'],[0.114],[0.114],[0.0]
202,2019-06-21,[3],[53.0],[38.8],[45.9],['2019-06-21T05:56'],['2019-06-21T21:01'],[0.0],[0.0],[0.0]
203,2019-06-22,[53],[52.9],[38.8],[46.3],['2019-06-22T05:56'],['2019-06-22T21:01'],[0.02],[0.02],[0.0]
204,2019-06-23,[1],[62.8],[36.4],[51.2],['2019-06-23T05:56'],['2019-06-23T21:01'],[0.0],[0.0],[0.0]
205,2019-06-24,[51],[68.7],[42.4],[57.3],['2019-06-24T05:56'],['2019-06-24T21:01'],[0.008],[0.008],[0.0]
206,2019-06-25,[51],[76.6],[45.0],[61.7],['2019-06-25T05:57'],['2019-06-25T21:02'],[0.004],[0.004],[0.0]
207,2019-06-26,[1],[76.6],[50.0],[64.7],['2019-06-26T05:57'],['2019-06-26T21:02'],[0.0],[0.0],[0.0]
208,2019-06-27,[3],[77.4],[54.7],[66.8],['2019-06-27T05:57'],['2019-06-27T21:02'],[0.0],[0.0],[0.0]
209,2019-06-28,[0],[80.7],[52.7],[68.1],['2019-06-28T05:58'],['2019-06-28T21:02'],[0.0],[0.0],[0.0]
210,2019-06-29,[2],[78.6],[54.6],[66.9],['2019-06-29T05:58'],['2019-06-29T21:02'],[0.0],[0.0],[0.0]
211,2019-06-30,[51],[75.9],[55.9],[65.1],['2019-06-30T05:59'],['2019-06-30T21:02'],[0.024],[0.024],[0.0]
212,2019-07-01,[0],[79.3],[49.3],[65.9],['2019-07-01T05:59'],['2019-07-01T21:01'],[0.0],[0.0],[0.0]
213,2019-07-02,[1],[81.3],[52.3],[68.0],['2019-07-02T06:00'],['2019-07-02T21:01'],[0.0],[0.0],[0.0]
214,2019-07-03,[2],[78.2],[55.4],[66.5],['2019-07-03T06:00'],['2019-07-03T21:01'],[0.0],[0.0],[0.0]
215,2019-07-04,[61],[70.9],[50.3],[60.8],['2019-07-04T06:01'],['2019-07-04T21:01'],[0.173],[0.173],[0.0]
216,2019-07-05,[1],[72.3],[45.0],[60.5],['2019-07-05T06:01'],['2019-07-05T21:01'],[0.0],[0.0],[0.0]
217,2019-07-06,[1],[78.4],[48.3],[65.6],['2019-07-06T06:02'],['2019-07-06T21:00'],[0.0],[0.0],[0.0]
218,2019-07-07,[51],[78.4],[52.8],[67.1],['2019-07-07T06:03'],['2019-07-07T21:00'],[0.004],[0.004],[0.0]
219,2019-07-08,[51],[74.9],[53.3],[63.9],['2019-07-08T06:03'],['2019-07-08T21:00'],[0.016],[0.016],[0.0]
220,2019-07-09,[1],[75.3],[48.9],[64.0],['2019-07-09T06:04'],['2019-07-09T20:59'],[0.0],[0.0],[0.0]
221,2019-07-10,[1],[84.1],[50.9],[69.4],['2019-07-10T06:05'],['2019-07-10T20:59'],[0.0],[0.0],[0.0]
222,2019-07-11,[2],[85.1],[54.7],[71.5],['2019-07-11T06:05'],['2019-07-11T20:59'],[0.0],[0.0],[0.0]
223,2019-07-12,[2],[86.1],[55.9],[72.8],['2019-07-12T06:06'],['2019-07-12T20:58'],[0.0],[0.0],[0.0]
224,2019-07-13,[51],[82.2],[59.9],[71.5],['2019-07-13T06:07'],['2019-07-13T20:58'],[0.012],[0.012],[0.0]
225,2019-07-14,[2],[85.4],[56.9],[72.9],['2019-07-14T06:08'],['2019-07-14T20:57'],[0.0],[0.0],[0.0]
226,2019-07-15,[1],[83.8],[57.8],[71.8],['2019-07-15T06:08'],['2019-07-15T20:57'],[0.0],[0.0],[0.0]
227,2019-07-16,[0],[84.7],[53.6],[71.3],['2019-07-16T06:09'],['2019-07-16T20:56'],[0.0],[0.0],[0.0]
228,2019-07-17,[1],[80.4],[54.4],[69.5],['2019-07-17T06:10'],['2019-07-17T20:55'],[0.0],[0.0],[0.0]
229,2019-07-18,[1],[84.7],[62.0],[73.2],['2019-07-18T06:11'],['2019-07-18T20:55'],[0.0],[0.0],[0.0]
230,2019-07-19,[1],[84.7],[63.1],[74.2],['2019-07-19T06:12'],['2019-07-19T20:54'],[0.0],[0.0],[0.0]
231,2019-07-20,[1],[82.0],[55.8],[70.3],['2019-07-20T06:12'],['2019-07-20T20:53'],[0.0],[0.0],[0.0]
232,2019-07-21,[51],[87.2],[54.4],[72.6],['2019-07-21T06:13'],['2019-07-21T20:52'],[0.012],[0.012],[0.0]
233,2019-07-22,[1],[88.8],[56.7],[74.5],['2019-07-22T06:14'],['2019-07-22T20:52'],[0.0],[0.0],[0.0]
234,2019-07-23,[3],[88.0],[57.7],[74.1],['2019-07-23T06:15'],['2019-07-23T20:51'],[0.0],[0.0],[0.0]
235,2019-07-24,[61],[77.9],[63.6],[70.0],['2019-07-24T06:16'],['2019-07-24T20:50'],[0.142],[0.142],[0.0]
236,2019-07-25,[3],[80.3],[58.6],[70.3],['2019-07-25T06:17'],['2019-07-25T20:49'],[0.0],[0.0],[0.0]
237,2019-07-26,[53],[75.8],[61.6],[67.0],['2019-07-26T06:18'],['2019-07-26T20:48'],[0.14],[0.14],[0.0]
238,2019-07-27,[53],[73.2],[56.0],[65.3],['2019-07-27T06:19'],['2019-07-27T20:47'],[0.08],[0.08],[0.0]
239,2019-07-28,[1],[80.5],[52.9],[68.3],['2019-07-28T06:20'],['2019-07-28T20:46'],[0.0],[0.0],[0.0]
240,2019-07-29,[2],[84.9],[55.0],[71.2],['2019-07-29T06:20'],['2019-07-29T20:45'],[0.0],[0.0],[0.0]
241,2019-07-30,[2],[86.5],[60.2],[74.2],['2019-07-30T06:21'],['2019-07-30T20:44'],[0.0],[0.0],[0.0]
242,2019-07-31,[61],[77.2],[58.7],[66.9],['2019-07-31T06:22'],['2019-07-31T20:43'],[0.174],[0.174],[0.0]
243,2019-08-01,[3],[78.2],[50.5],[64.9],['2019-08-01T06:23'],['2019-08-01T20:42'],[0.0],[0.0],[0.0]
244,2019-08-02,[1],[84.0],[55.1],[70.3],['2019-08-02T06:24'],['2019-08-02T20:41'],[0.0],[0.0],[0.0]
245,2019-08-03,[51],[84.6],[56.2],[71.4],['2019-08-03T06:25'],['2019-08-03T20:40'],[0.024],[0.024],[0.0]
246,2019-08-04,[2],[84.9],[57.9],[72.6],['2019-08-04T06:26'],['2019-08-04T20:39'],[0.0],[0.0],[0.0]
247,2019-08-05,[1],[86.4],[56.8],[72.8],['2019-08-05T06:27'],['2019-08-05T20:38'],[0.0],[0.0],[0.0]
248,2019-08-06,[2],[87.9],[57.9],[74.1],['2019-08-06T06:28'],['2019-08-06T20:37'],[0.0],[0.0],[0.0]
249,2019-08-07,[53],[75.2],[60.3],[66.0],['2019-08-07T06:29'],['2019-08-07T20:35'],[0.112],[0.112],[0.0]
250,2019-08-08,[63],[67.6],[56.0],[61.9],['2019-08-08T06:30'],['2019-08-08T20:34'],[0.335],[0.335],[0.0]
251,2019-08-09,[2],[75.7],[51.3],[64.5],['2019-08-09T06:31'],['2019-08-09T20:33'],[0.0],[0.0],[0.0]
252,2019-08-10,[1],[78.9],[55.2],[67.4],['2019-08-10T06:32'],['2019-08-10T20:32'],[0.0],[0.0],[0.0]
253,2019-08-11,[51],[73.9],[56.0],[65.1],['2019-08-11T06:33'],['2019-08-11T20:30'],[0.004],[0.004],[0.0]
254,2019-08-12,[0],[72.4],[50.6],[62.4],['2019-08-12T06:34'],['2019-08-12T20:29'],[0.0],[0.0],[0.0]
255,2019-08-13,[0],[78.7],[48.6],[65.0],['2019-08-13T06:35'],['2019-08-13T20:28'],[0.0],[0.0],[0.0]
256,2019-08-14,[1],[81.2],[50.2],[67.4],['2019-08-14T06:36'],['2019-08-14T20:26'],[0.0],[0.0],[0.0]
257,2019-08-15,[51],[81.8],[51.5],[68.3],['2019-08-15T06:37'],['2019-08-15T20:25'],[0.004],[0.004],[0.0]
258,2019-08-16,[51],[77.5],[55.5],[67.1],['2019-08-16T06:38'],['2019-08-16T20:23'],[0.004],[0.004],[0.0]
259,2019-08-17,[1],[77.1],[51.7],[65.8],['2019-08-17T06:39'],['2019-08-17T20:22'],[0.0],[0.0],[0.0]
260,2019-08-18,[0],[82.4],[50.4],[68.0],['2019-08-18T06:40'],['2019-08-18T20:21'],[0.0],[0.0],[0.0]
261,2019-08-19,[1],[83.1],[57.0],[70.9],['2019-08-19T06:41'],['2019-08-19T20:19'],[0.0],[0.0],[0.0]
262,2019-08-20,[0],[84.5],[53.9],[70.4],['2019-08-20T06:42'],['2019-08-20T20:18'],[0.0],[0.0],[0.0]
263,2019-08-21,[0],[85.6],[51.8],[70.6],['2019-08-21T06:43'],['2019-08-21T20:16'],[0.0],[0.0],[0.0]
264,2019-08-22,[51],[80.8],[56.0],[68.0],['2019-08-22T06:44'],['2019-08-22T20:15'],[0.012],[0.012],[0.0]
265,2019-08-23,[1],[73.9],[55.9],[65.1],['2019-08-23T06:45'],['2019-08-23T20:13'],[0.0],[0.0],[0.0]
266,2019-08-24,[1],[80.3],[50.6],[66.7],['2019-08-24T06:46'],['2019-08-24T20:12'],[0.0],[0.0],[0.0]
267,2019-08-25,[1],[79.9],[58.1],[70.2],['2019-08-25T06:47'],['2019-08-25T20:10'],[0.0],[0.0],[0.0]
268,2019-08-31,[0],[83.0],[53.9],[69.5],['2019-08-31T06:53'],['2019-08-31T20:01'],[0.0],[0.0],[0.0]
269,2019-09-01,[0],[86.2],[52.8],[71.0],['2019-09-01T06:54'],['2019-09-01T19:59'],[0.0],[0.0],[0.0]
270,2019-09-02,[3],[85.1],[56.0],[71.0],['2019-09-02T06:55'],['2019-09-02T19:58'],[0.0],[0.0],[0.0]
271,2019-09-03,[55],[80.1],[59.2],[69.4],['2019-09-03T06:55'],['2019-09-03T19:56'],[0.119],[0.119],[0.0]
272,2019-09-04,[51],[83.7],[55.3],[70.1],['2019-09-04T06:56'],['2019-09-04T19:54'],[0.012],[0.012],[0.0]
273,2019-09-05,[53],[83.1],[59.9],[70.8],['2019-09-05T06:57'],['2019-09-05T19:53'],[0.04],[0.04],[0.0]
274,2019-09-06,[61],[74.0],[55.0],[63.5],['2019-09-06T06:58'],['2019-09-06T19:51'],[0.224],[0.224],[0.0]
275,2019-09-07,[1],[74.5],[51.4],[63.8],['2019-09-07T06:59'],['2019-09-07T19:49'],[0.0],[0.0],[0.0]
276,2019-09-08,[61],[68.1],[50.4],[57.2],['2019-09-08T07:00'],['2019-09-08T19:48'],[0.221],[0.221],[0.0]
277,2019-09-09,[1],[66.4],[43.5],[55.9],['2019-09-09T07:01'],['2019-09-09T19:46'],[0.0],[0.0],[0.0]
278,2019-09-10,[53],[67.6],[48.9],[56.3],['2019-09-10T07:02'],['2019-09-10T19:44'],[0.028],[0.028],[0.0]
279,2019-09-11,[61],[51.1],[42.2],[46.6],['2019-09-11T07:03'],['2019-09-11T19:43'],[0.596],[0.596],[0.0]
280,2019-09-12,[1],[59.6],[38.8],[49.3],['2019-09-12T07:04'],['2019-09-12T19:41'],[0.0],[0.0],[0.0]
281,2019-09-13,[0],[66.7],[39.7],[53.6],['2019-09-13T07:05'],['2019-09-13T19:39'],[0.0],[0.0],[0.0]
282,2019-09-14,[0],[73.6],[42.7],[58.5],['2019-09-14T07:06'],['2019-09-14T19:38'],[0.0],[0.0],[0.0]
283,2019-09-15,[0],[76.1],[46.8],[61.5],['2019-09-15T07:07'],['2019-09-15T19:36'],[0.0],[0.0],[0.0]
284,2019-09-16,[3],[73.6],[52.4],[63.3],['2019-09-16T07:08'],['2019-09-16T19:34'],[0.0],[0.0],[0.0]
285,2019-09-17,[53],[62.9],[43.3],[51.2],['2019-09-17T07:09'],['2019-09-17T19:33'],[0.095],[0.095],[0.0]
286,2019-09-18,[1],[68.6],[39.6],[54.3],['2019-09-18T07:10'],['2019-09-18T19:31'],[0.0],[0.0],[0.0]
287,2019-09-19,[2],[65.8],[44.2],[53.3],['2019-09-19T07:11'],['2019-09-19T19:29'],[0.0],[0.0],[0.0]
288,2019-09-20,[71],[48.3],[37.9],[41.8],['2019-09-20T07:12'],['2019-09-20T19:28'],[0.381],[0.378],[0.028]
289,2019-09-21,[3],[50.4],[33.9],[42.5],['2019-09-21T07:13'],['2019-09-21T19:26'],[0.0],[0.0],[0.0]
290,2019-09-22,[1],[61.1],[34.3],[47.6],['2019-09-22T07:14'],['2019-09-22T19:24'],[0.0],[0.0],[0.0]
291,2019-09-23,[3],[64.0],[42.4],[52.2],['2019-09-23T07:15'],['2019-09-23T19:23'],[0.0],[0.0],[0.0]
292,2019-09-24,[1],[61.3],[42.2],[51.4],['2019-09-24T07:16'],['2019-09-24T19:21'],[0.0],[0.0],[0.0]
293,2019-09-25,[1],[64.0],[45.4],[53.8],['2019-09-25T07:17'],['2019-09-25T19:19'],[0.0],[0.0],[0.0]
294,2019-09-26,[0],[68.2],[42.0],[54.9],['2019-09-26T07:18'],['2019-09-26T19:17'],[0.0],[0.0],[0.0]
295,2019-09-27,[51],[59.1],[47.3],[53.6],['2019-09-27T07:19'],['2019-09-27T19:16'],[0.068],[0.068],[0.0]
296,2019-09-28,[63],[57.8],[42.7],[49.4],['2019-09-28T07:20'],['2019-09-28T19:14'],[0.897],[0.897],[0.0]
297,2019-09-29,[71],[44.8],[34.3],[40.5],['2019-09-29T07:21'],['2019-09-29T19:12'],[0.714],[0.696],[0.138]
298,2019-09-30,[51],[46.9],[30.0],[38.2],['2019-09-30T07:22'],['2019-09-30T19:11'],[0.008],[0.008],[0.0]
299,2019-10-01,[0],[47.5],[30.1],[38.3],['2019-10-01T07:23'],['2019-10-01T19:09'],[0.0],[0.0],[0.0]
300,2019-10-02,[73],[44.9],[31.6],[37.7],['2019-10-02T07:24'],['2019-10-02T19:07'],[0.076],[0.024],[0.36]
301,2019-10-03,[0],[59.9],[30.0],[43.7],['2019-10-03T07:25'],['2019-10-03T19:06'],[0.0],[0.0],[0.0]
302,2019-10-04,[53],[49.7],[35.4],[41.3],['2019-10-04T07:26'],['2019-10-04T19:04'],[0.06],[0.06],[0.0]
303,2019-10-05,[1],[47.3],[28.5],[38.1],['2019-10-05T07:27'],['2019-10-05T19:03'],[0.0],[0.0],[0.0]
304,2019-10-06,[0],[49.7],[29.6],[40.3],['2019-10-06T07:28'],['2019-10-06T19:01'],[0.0],[0.0],[0.0]
305,2019-10-07,[0],[58.7],[29.7],[43.0],['2019-10-07T07:29'],['2019-10-07T18:59'],[0.0],[0.0],[0.0]
306,2019-10-08,[1],[61.8],[34.3],[47.5],['2019-10-08T07:30'],['2019-10-08T18:58'],[0.0],[0.0],[0.0]
307,2019-10-09,[71],[44.7],[26.7],[36.9],['2019-10-09T07:31'],['2019-10-09T18:56'],[0.008],[0.004],[0.028]
308,2019-10-10,[2],[30.7],[21.0],[26.1],['2019-10-10T07:32'],['2019-10-10T18:55'],[0.0],[0.0],[0.0]
309,2019-10-11,[0],[42.6],[24.7],[32.1],['2019-10-11T07:33'],['2019-10-11T18:53'],[0.0],[0.0],[0.0]
310,2019-10-12,[0],[49.3],[25.3],[35.8],['2019-10-12T07:34'],['2019-10-12T18:51'],[0.0],[0.0],[0.0]
311,2019-10-13,[1],[55.9],[26.9],[39.9],['2019-10-13T07:36'],['2019-10-13T18:50'],[0.0],[0.0],[0.0]
312,2019-10-14,[0],[54.9],[31.0],[41.7],['2019-10-14T07:37'],['2019-10-14T18:48'],[0.0],[0.0],[0.0]
313,2019-10-15,[1],[57.6],[30.9],[43.1],['2019-10-15T07:38'],['2019-10-15T18:47'],[0.0],[0.0],[0.0]
314,2019-10-16,[1],[65.2],[32.4],[47.4],['2019-10-16T07:39'],['2019-10-16T18:45'],[0.0],[0.0],[0.0]
315,2019-10-17,[61],[60.4],[39.1],[48.2],['2019-10-17T07:40'],['2019-10-17T18:44'],[0.189],[0.189],[0.0]
316,2019-10-18,[73],[42.4],[29.8],[36.0],['2019-10-18T07:41'],['2019-10-18T18:42'],[0.09],[0.043],[0.36]
317,2019-10-19,[75],[46.9],[28.0],[35.0],['2019-10-19T07:42'],['2019-10-19T18:41'],[0.377],[0.048],[2.315]
318,2019-10-20,[73],[32.0],[20.8],[27.6],['2019-10-20T07:43'],['2019-10-20T18:39'],[0.22],[0.012],[1.433]
319,2019-10-21,[71],[36.5],[21.9],[30.2],['2019-10-21T07:44'],['2019-10-21T18:38'],[0.056],[0.02],[0.305]
320,2019-10-22,[3],[46.3],[23.8],[35.5],['2019-10-22T07:45'],['2019-10-22T18:36'],[0.0],[0.0],[0.0]
321,2019-10-23,[73],[42.0],[25.4],[36.5],['2019-10-23T07:46'],['2019-10-23T18:35'],[0.052],[0.016],[0.277]
322,2019-10-24,[1],[38.6],[22.4],[30.0],['2019-10-24T07:48'],['2019-10-24T18:34'],[0.0],[0.0],[0.0]
323,2019-10-25,[0],[50.2],[25.7],[36.2],['2019-10-25T07:49'],['2019-10-25T18:32'],[0.0],[0.0],[0.0]
324,2019-10-26,[1],[51.9],[30.0],[38.1],['2019-10-26T07:50'],['2019-10-26T18:31'],[0.0],[0.0],[0.0]
325,2019-10-27,[73],[29.6],[22.7],[26.4],['2019-10-27T07:51'],['2019-10-27T18:30'],[0.156],[0.0],[1.075]
326,2019-10-28,[73],[27.8],[18.1],[22.6],['2019-10-28T07:52'],['2019-10-28T18:28'],[0.04],[0.0],[0.332]
327,2019-10-29,[73],[21.7],[1.8],[15.0],['2019-10-29T07:53'],['2019-10-29T18:27'],[0.184],[0.0],[1.298]
328,2019-10-30,[2],[20.0],[-11.5],[7.1],['2019-10-30T07:54'],['2019-10-30T18:26'],[0.0],[0.0],[0.0]
329,2019-10-31,[1],[33.7],[-1.6],[16.2],['2019-10-31T07:56'],['2019-10-31T18:24'],[0.0],[0.0],[0.0]
330,2019-11-01,[0],[35.4],[6.5],[21.2],['2019-11-01T07:57'],['2019-11-01T18:23'],[0.0],[0.0],[0.0]
331,2019-11-02,[1],[38.5],[5.7],[21.0],['2019-11-02T07:58'],['2019-11-02T18:22'],[0.0],[0.0],[0.0]
332,2019-11-03,[1],[41.8],[15.0],[27.6],['2019-11-03T07:59'],['2019-11-03T18:21'],[0.0],[0.0],[0.0]
333,2019-11-04,[1],[44.1],[21.9],[32.0],['2019-11-04T08:00'],['2019-11-04T18:20'],[0.0],[0.0],[0.0]
334,2019-11-05,[0],[47.8],[24.4],[34.5],['2019-11-05T08:02'],['2019-11-05T18:19'],[0.0],[0.0],[0.0]
335,2019-11-06,[3],[50.7],[26.9],[36.3],['2019-11-06T08:03'],['2019-11-06T18:17'],[0.0],[0.0],[0.0]
336,2019-11-07,[0],[50.0],[25.9],[35.7],['2019-11-07T08:04'],['2019-11-07T18:16'],[0.0],[0.0],[0.0]
337,2019-11-08,[0],[51.5],[27.3],[37.0],['2019-11-08T08:05'],['2019-11-08T18:15'],[0.0],[0.0],[0.0]
338,2019-11-09,[0],[53.7],[27.4],[38.0],['2019-11-09T08:06'],['2019-11-09T18:14'],[0.0],[0.0],[0.0]
339,2019-11-10,[2],[49.6],[29.6],[37.6],['2019-11-10T08:07'],['2019-11-10T18:13'],[0.0],[0.0],[0.0]
340,2019-11-11,[1],[42.7],[26.4],[36.2],['2019-11-11T08:09'],['2019-11-11T18:12'],[0.0],[0.0],[0.0]
341,2019-11-12,[1],[47.0],[25.6],[34.3],['2019-11-12T08:10'],['2019-11-12T18:11'],[0.0],[0.0],[0.0]
342,2019-11-13,[1],[47.1],[30.5],[37.5],['2019-11-13T08:11'],['2019-11-13T18:10'],[0.0],[0.0],[0.0]
343,2019-11-14,[3],[52.1],[27.4],[37.3],['2019-11-14T08:12'],['2019-11-14T18:10'],[0.0],[0.0],[0.0]
344,2019-11-15,[3],[53.2],[30.7],[40.1],['2019-11-15T08:13'],['2019-11-15T18:09'],[0.0],[0.0],[0.0]
345,2019-11-16,[2],[43.0],[28.9],[36.9],['2019-11-16T08:14'],['2019-11-16T18:08'],[0.0],[0.0],[0.0]
346,2019-11-17,[1],[45.9],[26.9],[35.0],['2019-11-17T08:16'],['2019-11-17T18:07'],[0.0],[0.0],[0.0]
347,2019-11-18,[1],[49.4],[29.5],[37.2],['2019-11-18T08:17'],['2019-11-18T18:06'],[0.0],[0.0],[0.0]
348,2019-11-19,[2],[53.7],[32.6],[40.4],['2019-11-19T08:18'],['2019-11-19T18:06'],[0.0],[0.0],[0.0]
349,2019-11-20,[73],[38.8],[31.6],[33.9],['2019-11-20T08:19'],['2019-11-20T18:05'],[0.195],[0.072],[0.855]
350,2019-11-21,[73],[37.9],[27.2],[30.9],['2019-11-21T08:20'],['2019-11-21T18:04'],[0.116],[0.02],[0.747]
351,2019-11-22,[71],[34.4],[25.5],[29.6],['2019-11-22T08:21'],['2019-11-22T18:04'],[0.004],[0.0],[0.14]
352,2019-11-23,[1],[38.0],[25.3],[30.3],['2019-11-23T08:22'],['2019-11-23T18:03'],[0.0],[0.0],[0.0]
353,2019-11-24,[3],[40.5],[23.7],[30.3],['2019-11-24T08:24'],['2019-11-24T18:03'],[0.0],[0.0],[0.0]
354,2019-11-25,[73],[28.6],[19.4],[25.2],['2019-11-25T08:25'],['2019-11-25T18:02'],[0.306],[0.004],[2.122]
355,2019-11-26,[71],[19.4],[8.9],[14.2],['2019-11-26T08:26'],['2019-11-26T18:02'],[0.02],[0.0],[0.307]
356,2019-11-27,[73],[26.7],[12.4],[20.4],['2019-11-27T08:27'],['2019-11-27T18:01'],[0.08],[0.0],[0.691]
357,2019-11-28,[75],[27.8],[18.0],[22.8],['2019-11-28T08:28'],['2019-11-28T18:01'],[0.613],[0.0],[4.271]
358,2019-11-29,[75],[29.0],[20.9],[24.8],['2019-11-29T08:29'],['2019-11-29T18:00'],[0.949],[0.0],[6.642]
359,2019-11-30,[73],[21.1],[4.7],[16.5],['2019-11-30T08:30'],['2019-11-30T18:00'],[0.128],[0.0],[0.939]
360,2019-12-01,[2],[29.7],[2.1],[13.1],['2019-12-01T08:31'],['2019-12-01T18:00'],[0.0],[0.0],[0.0]
361,2019-12-02,[3],[32.1],[16.3],[23.6],['2019-12-02T08:32'],['2019-12-02T18:00'],[0.0],[0.0],[0.0]
362,2019-12-03,[3],[33.3],[20.8],[26.2],['2019-12-03T08:33'],['2019-12-03T17:59'],[0.0],[0.0],[0.0]
363,2019-12-04,[71],[37.2],[16.9],[26.0],['2019-12-04T08:34'],['2019-12-04T17:59'],[0.032],[0.028],[0.028]
364,2019-12-08,[75],[33.7],[25.7],[30.6],['2019-12-08T08:38'],['2019-12-08T17:59'],[0.433],[0.048],[2.702]
365,2019-12-13,[75],[30.9],[25.1],[28.0],['2019-12-13T08:42'],['2019-12-13T17:59'],[0.345],[0.004],[2.397]
366,2019-12-14,[75],[29.0],[17.4],[24.9],['2019-12-14T08:43'],['2019-12-14T18:00'],[0.576],[0.0],[4.079]
367,2019-12-15,[71],[19.7],[7.6],[13.4],['2019-12-15T08:43'],['2019-12-15T18:00'],[0.016],[0.0],[0.222]
368,2019-12-18,[3],[24.8],[1.2],[11.5],['2019-12-18T08:45'],['2019-12-18T18:01'],[0.0],[0.0],[0.0]
369,2019-12-20,[1],[28.4],[7.2],[16.4],['2019-12-20T08:46'],['2019-12-20T18:02'],[0.0],[0.0],[0.0]
370,2019-12-21,[1],[35.4],[14.9],[22.9],['2019-12-21T08:47'],['2019-12-21T18:02'],[0.0],[0.0],[0.0]
371,2019-12-22,[3],[36.9],[22.9],[28.1],['2019-12-22T08:47'],['2019-12-22T18:03'],[0.0],[0.0],[0.0]
372,2019-12-24,[73],[34.3],[25.7],[29.2],['2019-12-24T08:48'],['2019-12-24T18:04'],[0.256],[0.004],[1.766]
373,2019-12-25,[73],[27.7],[16.3],[24.7],['2019-12-25T08:49'],['2019-12-25T18:04'],[0.263],[0.0],[1.876]
374,2019-12-28,[71],[16.9],[9.5],[12.0],['2019-12-28T08:50'],['2019-12-28T18:06'],[0.0],[0.0],[0.28]
375,2020-04-29,[1],[64.8],[29.6],[45.2],['2020-04-29T06:27'],['2020-04-29T20:21'],[0.0],[0.0],[0.0]
376,2020-05-01,[51],[54.4],[33.0],[44.3],['2020-05-01T06:24'],['2020-05-01T20:23'],[0.028],[0.028],[0.0]
377,2020-05-02,[51],[57.7],[33.6],[45.8],['2020-05-02T06:23'],['2020-05-02T20:24'],[0.072],[0.072],[0.0]
378,2020-05-07,[0],[46.9],[34.2],[41.5],['2020-05-07T06:17'],['2020-05-07T20:29'],[0.0],[0.0],[0.0]
379,2020-05-08,[0],[56.6],[28.9],[43.5],['2020-05-08T06:16'],['2020-05-08T20:30'],[0.0],[0.0],[0.0]
380,2020-05-09,[0],[59.6],[30.3],[46.3],['2020-05-09T06:15'],['2020-05-09T20:31'],[0.0],[0.0],[0.0]
381,2020-05-10,[3],[68.0],[31.6],[50.1],['2020-05-10T06:13'],['2020-05-10T20:32'],[0.0],[0.0],[0.0]
382,2020-05-11,[51],[68.1],[41.3],[54.9],['2020-05-11T06:12'],['2020-05-11T20:33'],[0.044],[0.044],[0.0]
383,2020-05-12,[51],[61.5],[42.4],[51.9],['2020-05-12T06:11'],['2020-05-12T20:34'],[0.024],[0.024],[0.0]
384,2020-05-13,[51],[51.3],[40.5],[46.2],['2020-05-13T06:10'],['2020-05-13T20:35'],[0.056],[0.056],[0.0]
385,2020-05-14,[51],[55.1],[34.2],[45.5],['2020-05-14T06:10'],['2020-05-14T20:36'],[0.024],[0.024],[0.0]
386,2020-05-15,[51],[53.9],[39.5],[46.4],['2020-05-15T06:09'],['2020-05-15T20:37'],[0.012],[0.012],[0.0]
387,2020-05-16,[2],[58.3],[32.5],[47.8],['2020-05-16T06:08'],['2020-05-16T20:38'],[0.0],[0.0],[0.0]
388,2020-05-17,[1],[72.6],[39.6],[57.6],['2020-05-17T06:07'],['2020-05-17T20:39'],[0.0],[0.0],[0.0]
389,2020-05-18,[1],[72.2],[50.9],[62.2],['2020-05-18T06:06'],['2020-05-18T20:40'],[0.0],[0.0],[0.0]
390,2020-05-19,[55],[66.3],[42.4],[54.1],['2020-05-19T06:05'],['2020-05-19T20:41'],[0.103],[0.103],[0.0]
391,2020-05-20,[53],[49.7],[36.5],[44.0],['2020-05-20T06:04'],['2020-05-20T20:42'],[0.092],[0.092],[0.0]
392,2020-05-21,[51],[55.9],[35.8],[45.5],['2020-05-21T06:04'],['2020-05-21T20:43'],[0.124],[0.124],[0.0]
393,2020-05-22,[51],[59.7],[38.7],[48.6],['2020-05-22T06:03'],['2020-05-22T20:44'],[0.024],[0.024],[0.0]
394,2020-05-23,[73],[44.8],[31.6],[38.7],['2020-05-23T06:02'],['2020-05-23T20:44'],[0.202],[0.032],[1.212]
395,2020-05-24,[51],[48.9],[29.9],[40.9],['2020-05-24T06:01'],['2020-05-24T20:45'],[0.012],[0.012],[0.0]
396,2020-05-25,[1],[58.2],[31.5],[45.5],['2020-05-25T06:01'],['2020-05-25T20:46'],[0.0],[0.0],[0.0]
397,2020-05-26,[1],[67.5],[36.9],[54.1],['2020-05-26T06:00'],['2020-05-26T20:47'],[0.0],[0.0],[0.0]
398,2020-05-27,[2],[68.4],[46.1],[58.2],['2020-05-27T06:00'],['2020-05-27T20:48'],[0.0],[0.0],[0.0]
399,2020-05-28,[1],[73.0],[43.3],[60.1],['2020-05-28T05:59'],['2020-05-28T20:49'],[0.0],[0.0],[0.0]
400,2020-05-29,[51],[79.3],[47.1],[64.5],['2020-05-29T05:59'],['2020-05-29T20:49'],[0.016],[0.016],[0.0]
401,2020-05-30,[61],[79.8],[51.2],[64.3],['2020-05-30T05:58'],['2020-05-30T20:50'],[0.095],[0.095],[0.0]
402,2020-05-31,[53],[75.1],[51.4],[63.9],['2020-05-31T05:58'],['2020-05-31T20:51'],[0.02],[0.02],[0.0]
403,2020-06-01,[2],[77.1],[51.8],[65.6],['2020-06-01T05:57'],['2020-06-01T20:52'],[0.0],[0.0],[0.0]
404,2020-06-02,[2],[73.4],[50.4],[63.6],['2020-06-02T05:57'],['2020-06-02T20:52'],[0.0],[0.0],[0.0]
405,2020-06-03,[53],[75.0],[49.0],[63.3],['2020-06-03T05:56'],['2020-06-03T20:53'],[0.028],[0.028],[0.0]
406,2020-06-04,[2],[75.4],[51.5],[65.0],['2020-06-04T05:56'],['2020-06-04T20:54'],[0.0],[0.0],[0.0]
407,2020-06-05,[51],[83.9],[50.1],[67.8],['2020-06-05T05:56'],['2020-06-05T20:54'],[0.016],[0.016],[0.0]
408,2020-06-06,[61],[66.8],[46.4],[57.9],['2020-06-06T05:56'],['2020-06-06T20:55'],[0.452],[0.452],[0.0]
409,2020-06-07,[71],[46.7],[38.1],[43.5],['2020-06-07T05:55'],['2020-06-07T20:55'],[0.533],[0.521],[0.083]
410,2020-06-08,[73],[43.7],[32.7],[38.4],['2020-06-08T05:55'],['2020-06-08T20:56'],[0.292],[0.18],[0.83]
411,2020-06-09,[2],[53.9],[31.7],[44.5],['2020-06-09T05:55'],['2020-06-09T20:57'],[0.0],[0.0],[0.0]
412,2020-06-10,[51],[63.8],[36.0],[51.6],['2020-06-10T05:55'],['2020-06-10T20:57'],[0.008],[0.008],[0.0]
413,2020-06-11,[1],[73.2],[39.7],[58.0],['2020-06-11T05:55'],['2020-06-11T20:58'],[0.0],[0.0],[0.0]
414,2020-06-12,[2],[79.3],[46.1],[63.9],['2020-06-12T05:55'],['2020-06-12T20:58'],[0.0],[0.0],[0.0]
415,2020-06-13,[3],[70.0],[53.0],[60.9],['2020-06-13T05:55'],['2020-06-13T20:59'],[0.0],[0.0],[0.0]
416,2020-06-14,[1],[62.8],[46.9],[54.4],['2020-06-14T05:55'],['2020-06-14T20:59'],[0.0],[0.0],[0.0]
417,2020-06-15,[1],[74.0],[43.0],[59.9],['2020-06-15T05:55'],['2020-06-15T20:59'],[0.0],[0.0],[0.0]
418,2020-06-16,[51],[64.0],[50.2],[57.1],['2020-06-16T05:55'],['2020-06-16T21:00'],[0.052],[0.052],[0.0]
419,2020-06-17,[61],[51.3],[39.9],[46.0],['2020-06-17T05:55'],['2020-06-17T21:00'],[0.328],[0.328],[0.0]
420,2020-06-18,[2],[58.7],[35.3],[48.8],['2020-06-18T05:55'],['2020-06-18T21:00'],[0.0],[0.0],[0.0]
421,2020-06-19,[1],[62.8],[38.5],[52.5],['2020-06-19T05:55'],['2020-06-19T21:01'],[0.0],[0.0],[0.0]
422,2020-06-20,[2],[68.7],[41.5],[57.4],['2020-06-20T05:55'],['2020-06-20T21:01'],[0.0],[0.0],[0.0]
423,2020-06-21,[1],[74.3],[46.7],[62.3],['2020-06-21T05:56'],['2020-06-21T21:01'],[0.0],[0.0],[0.0]
424,2020-06-22,[0],[71.2],[51.5],[62.2],['2020-06-22T05:56'],['2020-06-22T21:01'],[0.0],[0.0],[0.0]
425,2020-06-23,[0],[75.8],[47.8],[63.6],['2020-06-23T05:56'],['2020-06-23T21:01'],[0.0],[0.0],[0.0]
426,2020-06-24,[1],[80.6],[48.7],[67.0],['2020-06-24T05:57'],['2020-06-24T21:01'],[0.0],[0.0],[0.0]
427,2020-06-25,[61],[75.6],[52.3],[64.1],['2020-06-25T05:57'],['2020-06-25T21:02'],[0.11],[0.11],[0.0]
428,2020-06-26,[2],[75.8],[49.6],[63.5],['2020-06-26T05:57'],['2020-06-26T21:02'],[0.0],[0.0],[0.0]
429,2020-06-27,[3],[79.5],[49.4],[66.6],['2020-06-27T05:58'],['2020-06-27T21:02'],[0.0],[0.0],[0.0]
430,2020-06-28,[53],[77.5],[49.4],[64.3],['2020-06-28T05:58'],['2020-06-28T21:02'],[0.127],[0.127],[0.0]
431,2020-06-29,[71],[52.1],[38.2],[44.9],['2020-06-29T05:59'],['2020-06-29T21:01'],[0.38],[0.368],[0.084]
432,2020-06-30,[55],[55.9],[39.4],[47.8],['2020-06-30T05:59'],['2020-06-30T21:01'],[0.218],[0.218],[0.0]
433,2020-07-01,[2],[71.5],[40.5],[57.3],['2020-07-01T06:00'],['2020-07-01T21:01'],[0.0],[0.0],[0.0]
434,2020-07-02,[1],[74.3],[50.7],[63.1],['2020-07-02T06:00'],['2020-07-02T21:01'],[0.0],[0.0],[0.0]
435,2020-07-03,[1],[78.6],[51.9],[66.3],['2020-07-03T06:01'],['2020-07-03T21:01'],[0.0],[0.0],[0.0]
436,2020-07-04,[0],[80.2],[53.8],[68.2],['2020-07-04T06:01'],['2020-07-04T21:01'],[0.0],[0.0],[0.0]
437,2020-07-05,[2],[79.3],[51.5],[66.8],['2020-07-05T06:02'],['2020-07-05T21:00'],[0.0],[0.0],[0.0]
438,2020-07-06,[1],[83.1],[50.3],[68.7],['2020-07-06T06:02'],['2020-07-06T21:00'],[0.0],[0.0],[0.0]
439,2020-07-07,[1],[76.8],[59.2],[68.7],['2020-07-07T06:03'],['2020-07-07T21:00'],[0.0],[0.0],[0.0]
440,2020-07-08,[0],[75.7],[50.8],[64.8],['2020-07-08T06:04'],['2020-07-08T21:00'],[0.0],[0.0],[0.0]
441,2020-07-09,[0],[80.9],[49.2],[67.2],['2020-07-09T06:04'],['2020-07-09T20:59'],[0.0],[0.0],[0.0]
442,2020-07-10,[1],[81.4],[55.2],[69.8],['2020-07-10T06:05'],['2020-07-10T20:59'],[0.0],[0.0],[0.0]
443,2020-07-11,[1],[85.9],[53.7],[71.9],['2020-07-11T06:06'],['2020-07-11T20:58'],[0.0],[0.0],[0.0]
444,2020-07-12,[51],[85.4],[58.5],[73.1],['2020-07-12T06:07'],['2020-07-12T20:58'],[0.016],[0.016],[0.0]
445,2020-07-13,[2],[80.6],[57.5],[70.0],['2020-07-13T06:07'],['2020-07-13T20:57'],[0.0],[0.0],[0.0]
446,2020-07-14,[1],[77.5],[54.4],[67.2],['2020-07-14T06:08'],['2020-07-14T20:57'],[0.0],[0.0],[0.0]
447,2020-07-15,[0],[79.5],[51.2],[67.2],['2020-07-15T06:09'],['2020-07-15T20:56'],[0.0],[0.0],[0.0]
448,2020-07-16,[2],[84.6],[52.3],[70.5],['2020-07-16T06:10'],['2020-07-16T20:55'],[0.0],[0.0],[0.0]
449,2020-07-17,[2],[85.8],[57.7],[73.8],['2020-07-17T06:10'],['2020-07-17T20:55'],[0.0],[0.0],[0.0]
450,2020-07-18,[1],[83.4],[58.7],[73.0],['2020-07-18T06:11'],['2020-07-18T20:54'],[0.0],[0.0],[0.0]
451,2020-07-19,[51],[82.9],[55.6],[71.2],['2020-07-19T06:12'],['2020-07-19T20:53'],[0.008],[0.008],[0.0]
452,2020-07-20,[1],[82.3],[55.0],[70.6],['2020-07-20T06:13'],['2020-07-20T20:53'],[0.0],[0.0],[0.0]
453,2020-07-21,[1],[84.0],[53.7],[70.9],['2020-07-21T06:14'],['2020-07-21T20:52'],[0.0],[0.0],[0.0]
454,2020-07-22,[53],[75.3],[61.3],[65.9],['2020-07-22T06:15'],['2020-07-22T20:51'],[0.06],[0.06],[0.0]
455,2020-07-23,[61],[80.3],[54.1],[67.6],['2020-07-23T06:16'],['2020-07-23T20:50'],[0.107],[0.107],[0.0]
456,2020-07-24,[51],[77.6],[54.0],[67.3],['2020-07-24T06:17'],['2020-07-24T20:49'],[0.004],[0.004],[0.0]
457,2020-07-25,[1],[80.2],[53.8],[68.2],['2020-07-25T06:18'],['2020-07-25T20:48'],[0.0],[0.0],[0.0]
458,2020-07-26,[2],[82.3],[53.8],[69.5],['2020-07-26T06:18'],['2020-07-26T20:47'],[0.0],[0.0],[0.0]
459,2020-07-27,[3],[85.2],[55.0],[71.5],['2020-07-27T06:19'],['2020-07-27T20:47'],[0.0],[0.0],[0.0]
460,2020-07-28,[53],[78.8],[56.3],[68.0],['2020-07-28T06:20'],['2020-07-28T20:46'],[0.035],[0.035],[0.0]
461,2020-07-29,[0],[80.8],[53.3],[69.0],['2020-07-29T06:21'],['2020-07-29T20:45'],[0.0],[0.0],[0.0]
462,2020-07-30,[1],[88.0],[54.5],[72.8],['2020-07-30T06:22'],['2020-07-30T20:44'],[0.0],[0.0],[0.0]
463,2020-07-31,[2],[89.6],[56.0],[74.7],['2020-07-31T06:23'],['2020-07-31T20:42'],[0.0],[0.0],[0.0]
464,2020-08-01,[2],[90.1],[57.6],[75.8],['2020-08-01T06:24'],['2020-08-01T20:41'],[0.0],[0.0],[0.0]
465,2020-08-02,[1],[90.7],[58.6],[76.4],['2020-08-02T06:25'],['2020-08-02T20:40'],[0.0],[0.0],[0.0]
466,2020-08-03,[0],[87.4],[60.4],[74.6],['2020-08-03T06:26'],['2020-08-03T20:39'],[0.0],[0.0],[0.0]
467,2020-08-04,[1],[83.6],[56.5],[72.1],['2020-08-04T06:27'],['2020-08-04T20:38'],[0.0],[0.0],[0.0]
468,2020-08-05,[2],[86.1],[56.1],[72.9],['2020-08-05T06:28'],['2020-08-05T20:37'],[0.0],[0.0],[0.0]
469,2020-08-06,[0],[82.9],[60.8],[72.6],['2020-08-06T06:29'],['2020-08-06T20:36'],[0.0],[0.0],[0.0]
470,2020-08-07,[0],[80.9],[57.3],[70.0],['2020-08-07T06:30'],['2020-08-07T20:34'],[0.0],[0.0],[0.0]
471,2020-08-08,[1],[82.7],[52.4],[69.2],['2020-08-08T06:31'],['2020-08-08T20:33'],[0.0],[0.0],[0.0]
472,2020-08-09,[0],[82.7],[52.6],[69.6],['2020-08-09T06:32'],['2020-08-09T20:32'],[0.0],[0.0],[0.0]
473,2020-08-10,[51],[82.4],[53.9],[70.2],['2020-08-10T06:33'],['2020-08-10T20:31'],[0.004],[0.004],[0.0]
474,2020-08-11,[3],[82.0],[55.2],[69.4],['2020-08-11T06:34'],['2020-08-11T20:29'],[0.0],[0.0],[0.0]
475,2020-08-12,[51],[79.5],[53.9],[68.7],['2020-08-12T06:35'],['2020-08-12T20:28'],[0.004],[0.004],[0.0]
476,2020-08-13,[0],[82.3],[52.8],[69.3],['2020-08-13T06:36'],['2020-08-13T20:27'],[0.0],[0.0],[0.0]
477,2020-08-14,[0],[79.7],[57.1],[69.8],['2020-08-14T06:37'],['2020-08-14T20:25'],[0.0],[0.0],[0.0]
478,2020-08-15,[0],[83.5],[52.5],[69.8],['2020-08-15T06:38'],['2020-08-15T20:24'],[0.0],[0.0],[0.0]
479,2020-08-16,[0],[87.6],[54.0],[72.5],['2020-08-16T06:39'],['2020-08-16T20:22'],[0.0],[0.0],[0.0]
480,2020-08-17,[0],[90.5],[55.4],[75.0],['2020-08-17T06:40'],['2020-08-17T20:21'],[0.0],[0.0],[0.0]
481,2020-08-18,[53],[88.2],[57.7],[75.2],['2020-08-18T06:41'],['2020-08-18T20:20'],[0.02],[0.02],[0.0]
482,2020-08-19,[51],[88.1],[59.8],[74.4],['2020-08-19T06:42'],['2020-08-19T20:18'],[0.02],[0.02],[0.0]
483,2020-08-20,[51],[84.2],[60.8],[72.4],['2020-08-20T06:43'],['2020-08-20T20:17'],[0.012],[0.012],[0.0]
484,2020-08-21,[0],[86.4],[55.7],[72.7],['2020-08-21T06:44'],['2020-08-21T20:15'],[0.0],[0.0],[0.0]
485,2020-08-22,[2],[87.9],[56.5],[73.2],['2020-08-22T06:45'],['2020-08-22T20:14'],[0.0],[0.0],[0.0]
486,2020-08-23,[53],[83.4],[61.2],[72.9],['2020-08-23T06:46'],['2020-08-23T20:12'],[0.043],[0.043],[0.0]
487,2020-08-24,[2],[85.0],[60.2],[72.3],['2020-08-24T06:46'],['2020-08-24T20:11'],[0.0],[0.0],[0.0]
488,2020-08-25,[1],[85.5],[58.7],[73.0],['2020-08-25T06:47'],['2020-08-25T20:09'],[0.0],[0.0],[0.0]
489,2020-08-26,[2],[84.7],[59.0],[73.0],['2020-08-26T06:48'],['2020-08-26T20:08'],[0.0],[0.0],[0.0]
490,2020-08-27,[2],[82.9],[63.4],[72.5],['2020-08-27T06:49'],['2020-08-27T20:06'],[0.0],[0.0],[0.0]
491,2020-08-28,[1],[81.8],[55.4],[69.4],['2020-08-28T06:50'],['2020-08-28T20:04'],[0.0],[0.0],[0.0]
492,2020-08-29,[51],[79.7],[57.7],[68.4],['2020-08-29T06:51'],['2020-08-29T20:03'],[0.008],[0.008],[0.0]
493,2020-08-30,[1],[76.5],[56.9],[66.7],['2020-08-30T06:52'],['2020-08-30T20:01'],[0.0],[0.0],[0.0]
494,2020-08-31,[3],[66.4],[51.5],[59.1],['2020-08-31T06:53'],['2020-08-31T20:00'],[0.0],[0.0],[0.0]
495,2020-09-01,[0],[63.4],[44.0],[54.1],['2020-09-01T06:54'],['2020-09-01T19:58'],[0.0],[0.0],[0.0]
496,2020-09-02,[1],[75.2],[45.3],[61.0],['2020-09-02T06:55'],['2020-09-02T19:56'],[0.0],[0.0],[0.0]
497,2020-09-03,[0],[79.5],[50.5],[65.5],['2020-09-03T06:56'],['2020-09-03T19:55'],[0.0],[0.0],[0.0]
498,2020-09-04,[0],[84.7],[50.7],[68.5],['2020-09-04T06:57'],['2020-09-04T19:53'],[0.0],[0.0],[0.0]
499,2020-09-05,[0],[88.1],[52.2],[71.5],['2020-09-05T06:58'],['2020-09-05T19:51'],[0.0],[0.0],[0.0]
500,2020-09-06,[0],[85.1],[54.9],[71.3],['2020-09-06T06:59'],['2020-09-06T19:50'],[0.0],[0.0],[0.0]
501,2020-09-07,[51],[78.0],[61.0],[71.3],['2020-09-07T07:00'],['2020-09-07T19:48'],[0.008],[0.008],[0.0]
502,2020-09-08,[73],[55.9],[34.3],[39.2],['2020-09-08T07:01'],['2020-09-08T19:46'],[0.335],[0.268],[0.666]
503,2020-09-09,[2],[53.2],[30.7],[41.0],['2020-09-09T07:02'],['2020-09-09T19:45'],[0.0],[0.0],[0.0]
504,2020-09-10,[1],[60.2],[35.2],[47.2],['2020-09-10T07:03'],['2020-09-10T19:43'],[0.0],[0.0],[0.0]
505,2020-09-11,[0],[66.5],[38.9],[53.0],['2020-09-11T07:04'],['2020-09-11T19:42'],[0.0],[0.0],[0.0]
506,2020-09-12,[0],[73.2],[42.0],[58.2],['2020-09-12T07:05'],['2020-09-12T19:40'],[0.0],[0.0],[0.0]
507,2020-09-13,[0],[76.8],[43.0],[60.7],['2020-09-13T07:06'],['2020-09-13T19:38'],[0.0],[0.0],[0.0]
508,2020-09-14,[0],[78.4],[46.4],[62.9],['2020-09-14T07:07'],['2020-09-14T19:37'],[0.0],[0.0],[0.0]
509,2020-09-15,[0],[78.0],[45.6],[62.8],['2020-09-15T07:08'],['2020-09-15T19:35'],[0.0],[0.0],[0.0]
510,2020-09-16,[0],[78.7],[46.7],[63.3],['2020-09-16T07:09'],['2020-09-16T19:33'],[0.0],[0.0],[0.0]
511,2020-09-17,[2],[80.3],[46.9],[64.6],['2020-09-17T07:10'],['2020-09-17T19:31'],[0.0],[0.0],[0.0]
512,2020-09-18,[3],[76.7],[50.5],[64.4],['2020-09-18T07:11'],['2020-09-18T19:30'],[0.0],[0.0],[0.0]
513,2020-09-19,[51],[65.4],[52.4],[58.4],['2020-09-19T07:12'],['2020-09-19T19:28'],[0.064],[0.064],[0.0]
514,2020-09-20,[0],[67.1],[41.9],[55.0],['2020-09-20T07:13'],['2020-09-20T19:26'],[0.0],[0.0],[0.0]
515,2020-09-21,[1],[74.9],[44.2],[60.2],['2020-09-21T07:14'],['2020-09-21T19:25'],[0.0],[0.0],[0.0]
516,2020-09-22,[53],[74.4],[53.3],[62.9],['2020-09-22T07:15'],['2020-09-22T19:23'],[0.035],[0.035],[0.0]
517,2020-09-23,[1],[73.9],[49.4],[61.9],['2020-09-23T07:16'],['2020-09-23T19:21'],[0.0],[0.0],[0.0]
518,2020-09-24,[1],[77.2],[50.6],[63.3],['2020-09-24T07:17'],['2020-09-24T19:19'],[0.0],[0.0],[0.0]
519,2020-09-25,[1],[72.1],[48.9],[62.1],['2020-09-25T07:18'],['2020-09-25T19:18'],[0.0],[0.0],[0.0]
520,2020-09-26,[1],[63.8],[51.5],[58.0],['2020-09-26T07:19'],['2020-09-26T19:16'],[0.0],[0.0],[0.0]
521,2020-09-27,[1],[56.2],[41.5],[49.0],['2020-09-27T07:20'],['2020-09-27T19:14'],[0.0],[0.0],[0.0]
522,2020-09-28,[1],[61.5],[35.6],[48.6],['2020-09-28T07:21'],['2020-09-28T19:13'],[0.0],[0.0],[0.0]
523,2020-09-29,[0],[67.9],[37.4],[52.7],['2020-09-29T07:22'],['2020-09-29T19:11'],[0.0],[0.0],[0.0]
524,2020-09-30,[0],[70.9],[39.8],[55.2],['2020-09-30T07:23'],['2020-09-30T19:10'],[0.0],[0.0],[0.0]
525,2020-10-01,[0],[72.8],[41.0],[56.4],['2020-10-01T07:24'],['2020-10-01T19:08'],[0.0],[0.0],[0.0]
526,2020-10-02,[2],[67.9],[44.3],[55.9],['2020-10-02T07:25'],['2020-10-02T19:06'],[0.0],[0.0],[0.0]
527,2020-10-03,[0],[69.7],[42.9],[56.2],['2020-10-03T07:26'],['2020-10-03T19:05'],[0.0],[0.0],[0.0]
528,2020-10-04,[0],[70.3],[42.0],[56.4],['2020-10-04T07:27'],['2020-10-04T19:03'],[0.0],[0.0],[0.0]
529,2020-10-05,[1],[70.0],[43.6],[56.7],['2020-10-05T07:28'],['2020-10-05T19:01'],[0.0],[0.0],[0.0]
530,2020-10-06,[0],[70.7],[40.5],[55.8],['2020-10-06T07:29'],['2020-10-06T19:00'],[0.0],[0.0],[0.0]
531,2020-10-07,[1],[74.2],[38.8],[56.5],['2020-10-07T07:30'],['2020-10-07T18:58'],[0.0],[0.0],[0.0]
532,2020-10-08,[1],[72.9],[45.2],[58.5],['2020-10-08T07:31'],['2020-10-08T18:56'],[0.0],[0.0],[0.0]
533,2020-10-09,[2],[70.3],[47.9],[58.7],['2020-10-09T07:32'],['2020-10-09T18:55'],[0.0],[0.0],[0.0]
534,2020-10-10,[3],[69.9],[46.5],[58.1],['2020-10-10T07:33'],['2020-10-10T18:53'],[0.0],[0.0],[0.0]
535,2020-10-11,[61],[55.9],[38.1],[43.8],['2020-10-11T07:34'],['2020-10-11T18:52'],[0.355],[0.355],[0.0]
536,2020-10-12,[0],[58.5],[35.8],[46.5],['2020-10-12T07:35'],['2020-10-12T18:50'],[0.0],[0.0],[0.0]
537,2020-10-13,[1],[64.2],[39.0],[51.8],['2020-10-13T07:36'],['2020-10-13T18:49'],[0.0],[0.0],[0.0]
538,2020-10-14,[51],[52.9],[40.6],[48.7],['2020-10-14T07:37'],['2020-10-14T18:47'],[0.012],[0.012],[0.0]
539,2020-10-15,[1],[46.0],[34.1],[39.6],['2020-10-15T07:39'],['2020-10-15T18:45'],[0.0],[0.0],[0.0]
540,2020-10-16,[0],[54.5],[30.6],[42.0],['2020-10-16T07:40'],['2020-10-16T18:44'],[0.0],[0.0],[0.0]
541,2020-10-17,[1],[58.8],[37.8],[47.9],['2020-10-17T07:41'],['2020-10-17T18:42'],[0.0],[0.0],[0.0]
542,2020-10-18,[2],[58.9],[40.3],[49.8],['2020-10-18T07:42'],['2020-10-18T18:41'],[0.0],[0.0],[0.0]
543,2020-10-19,[2],[59.2],[43.0],[51.2],['2020-10-19T07:43'],['2020-10-19T18:40'],[0.0],[0.0],[0.0]
544,2020-10-20,[1],[57.9],[42.4],[49.9],['2020-10-20T07:44'],['2020-10-20T18:38'],[0.0],[0.0],[0.0]
545,2020-10-21,[1],[60.7],[40.5],[49.8],['2020-10-21T07:45'],['2020-10-21T18:37'],[0.0],[0.0],[0.0]
546,2020-10-22,[1],[46.2],[32.7],[38.4],['2020-10-22T07:46'],['2020-10-22T18:35'],[0.0],[0.0],[0.0]
547,2020-10-23,[3],[42.2],[28.2],[34.9],['2020-10-23T07:47'],['2020-10-23T18:34'],[0.0],[0.0],[0.0]
548,2020-10-24,[1],[53.2],[30.6],[40.8],['2020-10-24T07:48'],['2020-10-24T18:33'],[0.0],[0.0],[0.0]
549,2020-10-25,[73],[39.6],[17.8],[28.7],['2020-10-25T07:50'],['2020-10-25T18:31'],[0.148],[0.0],[1.132]
550,2020-10-26,[0],[29.8],[11.5],[20.6],['2020-10-26T07:51'],['2020-10-26T18:30'],[0.0],[0.0],[0.0]
551,2020-10-27,[1],[38.3],[20.0],[28.0],['2020-10-27T07:52'],['2020-10-27T18:29'],[0.0],[0.0],[0.0]
552,2020-10-28,[0],[46.7],[25.4],[34.0],['2020-10-28T07:53'],['2020-10-28T18:27'],[0.0],[0.0],[0.0]
553,2020-10-29,[0],[52.3],[28.4],[38.3],['2020-10-29T07:54'],['2020-10-29T18:26'],[0.0],[0.0],[0.0]
554,2020-10-30,[0],[55.3],[28.4],[40.7],['2020-10-30T07:55'],['2020-10-30T18:25'],[0.0],[0.0],[0.0]
555,2020-10-31,[0],[52.3],[34.8],[43.6],['2020-10-31T07:57'],['2020-10-31T18:23'],[0.0],[0.0],[0.0]
556,2020-11-01,[0],[59.0],[29.4],[42.4],['2020-11-01T07:58'],['2020-11-01T18:22'],[0.0],[0.0],[0.0]
557,2020-11-02,[0],[62.0],[30.4],[44.4],['2020-11-02T07:59'],['2020-11-02T18:21'],[0.0],[0.0],[0.0]
558,2020-11-04,[0],[60.8],[36.3],[47.3],['2020-11-04T08:01'],['2020-11-04T18:19'],[0.0],[0.0],[0.0]
559,2020-11-06,[3],[63.5],[39.6],[49.9],['2020-11-06T08:04'],['2020-11-06T18:17'],[0.0],[0.0],[0.0]
560,2020-11-07,[73],[55.0],[34.2],[46.0],['2020-11-07T08:05'],['2020-11-07T18:15'],[0.446],[0.355],[0.662]
