,Unnamed: 0,Date,Weathercode,Max Temperature,Min Temperature,Mean Temperature,Sunrise,Sunset,Total Precipitation,Total Rain,Total Snow,Description
0,0,2018-05-06,2,69.9,40.4,56.0,06:19:00,20:27:00,0.0,0.0,0.0,Partly Cloudy
1,1,2018-05-07,2,66.1,42.9,55.5,06:17:00,20:29:00,0.0,0.0,0.0,Partly Cloudy
2,2,2018-05-08,0,65.4,40.6,53.8,06:16:00,20:30:00,0.0,0.0,0.0,Sunny
3,3,2018-05-09,53,69.7,43.1,56.5,06:15:00,20:31:00,0.055,0.055,0.0,Drizzle
4,4,2018-05-10,61,60.5,43.3,53.4,06:14:00,20:32:00,0.083,0.083,0.0,Light Rain
5,5,2018-05-11,61,53.0,40.3,45.1,06:13:00,20:33:00,0.542,0.542,0.0,Light Rain
6,6,2018-05-12,73,46.7,35.2,40.6,06:12:00,20:34:00,0.422,0.289,0.937,Snow
7,7,2018-05-13,53,55.2,30.0,42.8,06:11:00,20:35:00,0.063,0.063,0.0,Drizzle
8,8,2018-05-14,61,57.6,32.5,45.0,06:10:00,20:36:00,0.217,0.217,0.0,Light Rain
9,9,2018-05-15,55,60.4,32.2,47.3,06:09:00,20:37:00,0.055,0.055,0.0,Heavy Drizzle
10,10,2018-05-16,1,65.0,36.7,52.2,06:08:00,20:38:00,0.0,0.0,0.0,Mainly Sunny
11,11,2018-05-17,51,63.8,37.9,52.2,06:07:00,20:38:00,0.012,0.012,0.0,Light Drizzle
12,12,2018-05-18,63,56.1,40.6,47.6,06:06:00,20:39:00,0.316,0.316,0.0,Rain
13,13,2018-05-19,51,58.1,37.4,48.6,06:06:00,20:40:00,0.04,0.04,0.0,Light Drizzle
14,14,2018-05-20,55,65.6,38.0,51.4,06:05:00,20:41:00,0.133,0.133,0.0,Heavy Drizzle
15,15,2018-05-21,61,66.0,39.9,53.0,06:04:00,20:42:00,0.118,0.118,0.0,Light Rain
16,16,2018-05-22,63,60.0,42.0,49.9,06:03:00,20:43:00,0.35,0.35,0.0,Rain
17,17,2018-05-23,51,61.0,36.1,50.2,06:02:00,20:44:00,0.024,0.024,0.0,Light Drizzle
18,18,2018-05-24,1,67.9,39.2,55.1,06:02:00,20:45:00,0.0,0.0,0.0,Mainly Sunny
19,19,2018-05-25,0,73.2,41.5,59.6,06:01:00,20:46:00,0.0,0.0,0.0,Sunny
20,20,2018-05-26,53,67.6,45.3,57.2,06:00:00,20:46:00,0.064,0.064,0.0,Drizzle
21,21,2018-05-27,61,55.9,43.5,50.0,06:00:00,20:47:00,0.336,0.336,0.0,Light Rain
22,22,2018-05-28,61,56.6,38.8,48.6,05:59:00,20:48:00,0.198,0.198,0.0,Light Rain
23,23,2018-05-29,51,61.2,40.8,52.1,05:59:00,20:49:00,0.064,0.064,0.0,Light Drizzle
24,24,2018-05-30,51,71.2,40.6,57.4,05:58:00,20:50:00,0.008,0.008,0.0,Light Drizzle
25,25,2018-05-31,51,72.0,44.9,59.2,05:58:00,20:50:00,0.016,0.016,0.0,Light Drizzle
26,26,2018-06-01,53,54.4,43.1,49.9,05:57:00,20:51:00,0.096,0.096,0.0,Drizzle
27,27,2018-06-02,0,65.9,35.5,52.6,05:57:00,20:52:00,0.0,0.0,0.0,Sunny
28,28,2018-06-03,1,73.1,40.6,58.4,05:57:00,20:53:00,0.0,0.0,0.0,Mainly Sunny
29,29,2018-06-04,1,79.3,43.6,63.3,05:56:00,20:53:00,0.0,0.0,0.0,Mainly Sunny
30,30,2018-06-05,1,76.8,53.2,65.3,05:56:00,20:54:00,0.0,0.0,0.0,Mainly Sunny
31,31,2018-06-06,51,78.2,48.8,64.1,05:56:00,20:55:00,0.012,0.012,0.0,Light Drizzle
32,32,2018-06-07,1,77.1,50.6,65.4,05:56:00,20:55:00,0.0,0.0,0.0,Mainly Sunny
33,33,2018-06-08,0,75.3,47.8,63.6,05:55:00,20:56:00,0.0,0.0,0.0,Sunny
34,34,2018-06-09,0,80.2,48.0,66.2,05:55:00,20:56:00,0.0,0.0,0.0,Sunny
35,35,2018-06-10,1,67.5,46.9,53.1,05:55:00,20:57:00,0.0,0.0,0.0,Mainly Sunny
36,36,2018-06-11,0,68.1,38.2,54.6,05:55:00,20:57:00,0.0,0.0,0.0,Sunny
37,37,2018-06-12,0,71.9,42.9,59.4,05:55:00,20:58:00,0.0,0.0,0.0,Sunny
38,38,2018-06-13,0,82.6,45.2,66.3,05:55:00,20:58:00,0.0,0.0,0.0,Sunny
39,39,2018-06-14,1,80.3,57.6,69.3,05:55:00,20:59:00,0.0,0.0,0.0,Mainly Sunny
40,40,2018-06-15,51,76.0,49.9,64.8,05:55:00,20:59:00,0.004,0.004,0.0,Light Drizzle
41,41,2018-06-16,51,72.9,51.3,62.5,05:55:00,20:59:00,0.024,0.024,0.0,Light Drizzle
42,42,2018-06-17,53,74.8,56.1,64.9,05:55:00,21:00:00,0.032,0.032,0.0,Drizzle
43,43,2018-06-18,55,63.4,47.4,55.2,05:55:00,21:00:00,0.175,0.175,0.0,Heavy Drizzle
44,44,2018-06-19,2,63.0,47.9,55.8,05:55:00,21:00:00,0.0,0.0,0.0,Partly Cloudy
45,45,2018-06-20,0,70.3,43.3,58.5,05:55:00,21:01:00,0.0,0.0,0.0,Sunny
46,46,2018-06-21,1,78.1,47.1,64.4,05:56:00,21:01:00,0.0,0.0,0.0,Mainly Sunny
47,47,2018-06-22,1,69.9,51.4,61.6,05:56:00,21:01:00,0.0,0.0,0.0,Mainly Sunny
48,48,2018-06-23,51,73.6,48.1,62.2,05:56:00,21:01:00,0.032,0.032,0.0,Light Drizzle
49,49,2018-06-24,1,68.6,45.9,59.7,05:56:00,21:01:00,0.0,0.0,0.0,Mainly Sunny
50,50,2018-06-25,0,79.3,45.3,64.4,05:57:00,21:02:00,0.0,0.0,0.0,Sunny
51,51,2018-06-26,0,82.1,52.5,69.1,05:57:00,21:02:00,0.0,0.0,0.0,Sunny
52,52,2018-06-27,1,86.1,52.3,71.4,05:58:00,21:02:00,0.0,0.0,0.0,Mainly Sunny
53,53,2018-06-28,1,84.1,60.2,72.3,05:58:00,21:02:00,0.0,0.0,0.0,Mainly Sunny
54,54,2018-06-29,51,67.6,53.8,61.8,05:58:00,21:02:00,0.012,0.012,0.0,Light Drizzle
55,55,2018-06-30,1,65.6,50.7,58.9,05:59:00,21:02:00,0.0,0.0,0.0,Mainly Sunny
56,56,2018-07-01,0,74.3,45.3,61.8,05:59:00,21:01:00,0.0,0.0,0.0,Sunny
57,57,2018-07-02,2,80.1,49.4,66.7,06:00:00,21:01:00,0.0,0.0,0.0,Partly Cloudy
58,58,2018-07-03,51,77.7,53.3,66.5,06:00:00,21:01:00,0.02,0.02,0.0,Light Drizzle
59,59,2018-07-04,1,83.1,50.8,69.0,06:01:00,21:01:00,0.0,0.0,0.0,Mainly Sunny
60,60,2018-07-05,51,85.3,52.7,71.3,06:01:00,21:01:00,0.004,0.004,0.0,Light Drizzle
61,61,2018-07-06,1,89.2,56.6,74.9,06:02:00,21:00:00,0.0,0.0,0.0,Mainly Sunny
62,62,2018-07-07,1,87.3,62.5,75.8,06:03:00,21:00:00,0.0,0.0,0.0,Mainly Sunny
63,63,2018-07-08,51,89.5,59.4,76.3,06:03:00,21:00:00,0.012,0.012,0.0,Light Drizzle
64,64,2018-07-09,53,87.2,59.3,74.1,06:04:00,20:59:00,0.072,0.072,0.0,Drizzle
65,65,2018-07-10,1,87.3,61.4,75.6,06:05:00,20:59:00,0.0,0.0,0.0,Mainly Sunny
66,66,2018-07-11,61,82.7,60.7,72.6,06:05:00,20:58:00,0.083,0.083,0.0,Light Rain
67,67,2018-07-12,53,81.9,58.8,71.5,06:06:00,20:58:00,0.04,0.04,0.0,Drizzle
68,68,2018-07-13,1,83.7,58.4,72.7,06:07:00,20:57:00,0.0,0.0,0.0,Mainly Sunny
69,69,2018-07-14,51,77.1,61.6,67.9,06:08:00,20:57:00,0.02,0.02,0.0,Light Drizzle
70,70,2018-07-15,1,85.0,55.0,71.4,06:09:00,20:56:00,0.0,0.0,0.0,Mainly Sunny
71,71,2018-07-16,2,84.6,55.9,72.3,06:09:00,20:56:00,0.0,0.0,0.0,Partly Cloudy
72,72,2018-07-17,1,82.7,57.7,71.5,06:10:00,20:55:00,0.0,0.0,0.0,Mainly Sunny
73,73,2018-07-18,1,85.2,57.0,72.9,06:11:00,20:54:00,0.0,0.0,0.0,Mainly Sunny
74,74,2018-07-19,1,86.5,57.5,73.8,06:12:00,20:54:00,0.0,0.0,0.0,Mainly Sunny
75,75,2018-07-20,53,83.0,62.5,73.8,06:13:00,20:53:00,0.04,0.04,0.0,Drizzle
76,76,2018-07-21,53,85.8,60.5,73.4,06:13:00,20:52:00,0.032,0.032,0.0,Drizzle
77,77,2018-07-22,61,75.2,63.6,69.5,06:14:00,20:51:00,0.123,0.123,0.0,Light Rain
78,78,2018-07-23,1,82.9,56.8,70.8,06:15:00,20:51:00,0.0,0.0,0.0,Mainly Sunny
79,79,2018-07-24,1,86.5,56.8,73.3,06:16:00,20:50:00,0.0,0.0,0.0,Mainly Sunny
80,80,2018-07-25,61,84.2,60.1,73.5,06:17:00,20:49:00,0.122,0.122,0.0,Light Rain
81,81,2018-07-26,2,84.7,58.1,72.3,06:18:00,20:48:00,0.0,0.0,0.0,Partly Cloudy
82,82,2018-07-27,61,83.3,57.2,72.0,06:19:00,20:47:00,0.079,0.079,0.0,Light Rain
83,83,2018-07-28,3,85.2,58.0,73.6,06:20:00,20:46:00,0.0,0.0,0.0,Cloudy
84,84,2018-07-29,1,82.6,56.1,71.3,06:21:00,20:45:00,0.0,0.0,0.0,Mainly Sunny
85,85,2018-07-30,0,84.0,53.6,70.5,06:22:00,20:44:00,0.0,0.0,0.0,Sunny
86,86,2018-07-31,1,87.8,54.7,73.4,06:23:00,20:43:00,0.0,0.0,0.0,Mainly Sunny
87,87,2018-08-01,51,84.1,64.0,74.7,06:23:00,20:42:00,0.028,0.028,0.0,Light Drizzle
88,88,2018-08-02,51,81.3,61.0,70.6,06:24:00,20:41:00,0.012,0.012,0.0,Light Drizzle
89,89,2018-08-03,51,82.1,60.1,71.4,06:25:00,20:40:00,0.02,0.02,0.0,Light Drizzle
90,90,2018-08-04,1,80.0,55.1,69.4,06:26:00,20:39:00,0.0,0.0,0.0,Mainly Sunny
91,91,2018-08-05,51,76.8,56.7,67.7,06:27:00,20:37:00,0.008,0.008,0.0,Light Drizzle
92,92,2018-08-06,0,79.9,49.6,66.4,06:28:00,20:36:00,0.0,0.0,0.0,Sunny
93,93,2018-08-07,0,81.2,50.6,67.6,06:29:00,20:35:00,0.0,0.0,0.0,Sunny
94,94,2018-08-08,0,84.1,52.1,69.8,06:30:00,20:34:00,0.0,0.0,0.0,Sunny
95,95,2018-08-09,0,87.0,54.5,72.5,06:31:00,20:32:00,0.0,0.0,0.0,Sunny
96,96,2018-08-10,2,89.9,55.8,73.9,06:32:00,20:31:00,0.0,0.0,0.0,Partly Cloudy
97,97,2018-08-11,51,88.7,58.2,75.0,06:33:00,20:30:00,0.004,0.004,0.0,Light Drizzle
98,98,2018-08-12,51,85.9,61.3,74.8,06:34:00,20:29:00,0.024,0.024,0.0,Light Drizzle
99,99,2018-08-13,53,83.3,60.9,71.6,06:35:00,20:27:00,0.055,0.055,0.0,Drizzle
100,100,2018-08-14,2,81.6,58.7,70.6,06:36:00,20:26:00,0.0,0.0,0.0,Partly Cloudy
101,101,2018-08-15,1,81.0,55.1,70.3,06:37:00,20:25:00,0.0,0.0,0.0,Mainly Sunny
102,102,2018-08-16,51,80.2,55.9,68.9,06:38:00,20:23:00,0.036,0.036,0.0,Light Drizzle
103,103,2018-08-17,51,81.7,55.0,69.3,06:39:00,20:22:00,0.004,0.004,0.0,Light Drizzle
104,104,2018-08-18,51,75.0,50.7,64.6,06:40:00,20:20:00,0.008,0.008,0.0,Light Drizzle
105,105,2018-08-19,0,77.8,50.9,65.3,06:41:00,20:19:00,0.0,0.0,0.0,Sunny
106,106,2018-08-20,51,83.6,53.1,68.3,06:42:00,20:17:00,0.028,0.028,0.0,Light Drizzle
107,107,2018-08-21,63,75.8,55.9,63.8,06:43:00,20:16:00,0.434,0.434,0.0,Rain
108,108,2018-08-22,63,73.8,53.9,61.9,06:44:00,20:14:00,0.359,0.359,0.0,Rain
109,109,2018-08-23,51,73.4,50.4,62.3,06:45:00,20:13:00,0.012,0.012,0.0,Light Drizzle
110,110,2018-08-24,61,75.8,51.9,63.9,06:46:00,20:11:00,0.115,0.115,0.0,Light Rain
111,111,2018-08-25,1,76.6,52.4,64.8,06:47:00,20:10:00,0.0,0.0,0.0,Mainly Sunny
112,112,2018-08-26,2,74.1,56.8,65.1,06:48:00,20:08:00,0.0,0.0,0.0,Partly Cloudy
113,113,2018-08-27,2,65.2,55.0,60.2,06:49:00,20:07:00,0.0,0.0,0.0,Partly Cloudy
114,114,2018-08-28,0,64.9,46.2,55.6,06:50:00,20:05:00,0.0,0.0,0.0,Sunny
115,115,2018-08-29,1,75.0,44.2,60.7,06:51:00,20:04:00,0.0,0.0,0.0,Mainly Sunny
116,116,2018-08-31,2,73.8,52.2,64.0,06:53:00,20:00:00,0.0,0.0,0.0,Partly Cloudy
117,117,2018-09-01,1,72.9,47.4,61.1,06:54:00,19:59:00,0.0,0.0,0.0,Mainly Sunny
118,118,2018-09-02,1,76.0,45.5,62.0,06:55:00,19:57:00,0.0,0.0,0.0,Mainly Sunny
119,119,2018-09-03,51,76.5,46.1,62.7,06:56:00,19:56:00,0.004,0.004,0.0,Light Drizzle
120,120,2018-09-05,51,78.4,47.8,62.9,06:58:00,19:52:00,0.032,0.032,0.0,Light Drizzle
121,121,2018-09-08,51,78.7,52.1,65.5,07:01:00,19:47:00,0.032,0.032,0.0,Light Drizzle
122,122,2018-09-09,1,76.2,48.3,63.4,07:02:00,19:46:00,0.0,0.0,0.0,Mainly Sunny
123,123,2018-09-11,1,77.5,51.4,64.6,07:04:00,19:42:00,0.0,0.0,0.0,Mainly Sunny
124,124,2018-09-12,0,73.7,53.2,63.4,07:04:00,19:41:00,0.0,0.0,0.0,Sunny
125,125,2018-09-13,0,70.5,54.8,62.1,07:05:00,19:39:00,0.0,0.0,0.0,Sunny
126,126,2018-09-14,0,76.4,50.0,63.6,07:06:00,19:37:00,0.0,0.0,0.0,Sunny
127,127,2018-09-15,1,80.3,51.2,67.4,07:07:00,19:36:00,0.0,0.0,0.0,Mainly Sunny
128,128,2018-09-16,2,77.2,52.4,65.9,07:08:00,19:34:00,0.0,0.0,0.0,Partly Cloudy
129,129,2018-09-18,0,76.6,54.8,64.9,07:10:00,19:30:00,0.0,0.0,0.0,Sunny
130,130,2018-09-19,0,72.9,49.2,60.6,07:11:00,19:29:00,0.0,0.0,0.0,Sunny
131,131,2018-09-20,0,61.3,46.1,53.9,07:12:00,19:27:00,0.0,0.0,0.0,Sunny
132,132,2018-09-22,0,74.9,46.2,60.6,07:14:00,19:24:00,0.0,0.0,0.0,Sunny
133,133,2018-09-23,51,71.2,50.4,61.0,07:15:00,19:22:00,0.02,0.02,0.0,Light Drizzle
134,134,2018-09-24,0,60.5,45.7,52.7,07:16:00,19:20:00,0.0,0.0,0.0,Sunny
135,135,2018-09-25,1,60.3,35.1,48.5,07:17:00,19:19:00,0.0,0.0,0.0,Mainly Sunny
136,136,2018-09-26,1,61.9,35.8,49.4,07:18:00,19:17:00,0.0,0.0,0.0,Mainly Sunny
137,137,2018-09-27,0,67.4,39.4,53.6,07:19:00,19:15:00,0.0,0.0,0.0,Sunny
138,138,2018-09-29,1,74.9,50.5,63.1,07:21:00,19:12:00,0.0,0.0,0.0,Mainly Sunny
139,139,2018-10-01,51,69.3,42.9,56.8,07:23:00,19:09:00,0.008,0.008,0.0,Light Drizzle
140,140,2018-10-03,61,61.3,47.4,54.1,07:25:00,19:05:00,0.214,0.214,0.0,Light Rain
141,141,2018-10-04,55,55.5,45.5,49.9,07:26:00,19:04:00,0.396,0.396,0.0,Heavy Drizzle
142,142,2018-10-05,63,46.3,37.2,42.1,07:27:00,19:02:00,0.481,0.481,0.0,Rain
143,143,2018-10-06,51,47.1,36.9,41.9,07:28:00,19:00:00,0.044,0.044,0.0,Light Drizzle
144,144,2018-10-07,73,46.1,35.6,40.4,07:29:00,18:59:00,0.112,0.056,0.388,Snow
145,145,2018-10-09,75,45.8,29.8,37.5,07:32:00,18:56:00,0.245,0.167,0.552,Heavy Snow
146,146,2018-10-11,71,41.8,21.9,31.4,07:34:00,18:53:00,0.024,0.02,0.028,Light Snow
147,147,2018-10-12,3,44.2,19.7,31.1,07:35:00,18:51:00,0.0,0.0,0.0,Cloudy
148,148,2018-10-13,2,48.4,26.9,36.4,07:36:00,18:49:00,0.0,0.0,0.0,Partly Cloudy
149,149,2018-10-17,2,52.0,28.4,38.4,07:40:00,18:43:00,0.0,0.0,0.0,Partly Cloudy
150,150,2018-10-18,3,47.8,30.1,38.3,07:41:00,18:42:00,0.0,0.0,0.0,Cloudy
151,151,2018-10-21,55,60.0,33.9,44.9,07:45:00,18:37:00,0.063,0.063,0.0,Heavy Drizzle
152,152,2018-10-22,61,57.7,32.0,43.3,07:46:00,18:36:00,0.285,0.285,0.0,Light Rain
153,153,2019-05-03,1,47.2,26.2,36.8,06:22:00,20:24:00,0.0,0.0,0.0,Mainly Sunny
154,154,2019-05-04,51,53.5,23.3,37.9,06:21:00,20:25:00,0.008,0.008,0.0,Light Drizzle
155,155,2019-05-05,51,57.0,29.7,43.0,06:20:00,20:26:00,0.016,0.016,0.0,Light Drizzle
156,156,2019-05-06,53,58.2,30.9,44.3,06:19:00,20:27:00,0.028,0.028,0.0,Drizzle
157,157,2019-05-07,61,48.4,30.0,39.5,06:18:00,20:28:00,0.15,0.15,0.0,Light Rain
158,158,2019-05-08,73,47.1,33.1,38.8,06:17:00,20:29:00,0.339,0.231,0.746,Snow
159,159,2019-05-09,73,44.6,27.9,36.4,06:15:00,20:30:00,0.152,0.032,0.828,Snow
160,160,2019-05-10,2,50.6,28.0,39.3,06:14:00,20:31:00,0.0,0.0,0.0,Partly Cloudy
161,161,2019-05-11,2,54.1,28.1,42.5,06:13:00,20:32:00,0.0,0.0,0.0,Partly Cloudy
162,162,2019-05-12,0,60.1,30.8,46.7,06:12:00,20:33:00,0.0,0.0,0.0,Sunny
163,163,2019-05-13,1,64.5,36.3,50.8,06:11:00,20:34:00,0.0,0.0,0.0,Mainly Sunny
164,164,2019-05-14,1,66.0,35.9,52.0,06:10:00,20:35:00,0.0,0.0,0.0,Mainly Sunny
165,165,2019-05-15,3,65.4,41.7,54.0,06:09:00,20:36:00,0.0,0.0,0.0,Cloudy
166,166,2019-05-16,55,62.4,44.1,52.1,06:08:00,20:37:00,0.123,0.123,0.0,Heavy Drizzle
167,167,2019-05-17,75,43.7,33.4,37.8,06:07:00,20:38:00,0.716,0.344,2.618,Heavy Snow
168,168,2019-05-18,73,44.5,32.2,37.7,06:07:00,20:39:00,0.296,0.072,1.545,Snow
169,169,2019-05-19,53,49.0,33.2,39.0,06:06:00,20:40:00,0.104,0.104,0.0,Drizzle
170,170,2019-05-20,53,45.5,28.9,37.6,06:05:00,20:41:00,0.136,0.136,0.0,Drizzle
171,171,2019-05-21,73,42.5,30.0,35.7,06:04:00,20:42:00,0.311,0.252,0.471,Snow
172,172,2019-05-22,73,43.3,32.4,37.4,06:03:00,20:43:00,0.397,0.237,1.133,Snow
173,173,2019-05-23,75,44.0,31.0,36.7,06:03:00,20:44:00,0.612,0.356,1.821,Heavy Snow
174,174,2019-05-24,75,46.5,32.6,39.3,06:02:00,20:45:00,0.474,0.172,2.121,Heavy Snow
175,175,2019-05-25,51,54.3,30.1,43.1,06:01:00,20:45:00,0.02,0.02,0.0,Light Drizzle
176,176,2019-05-26,53,59.0,31.9,45.5,06:01:00,20:46:00,0.04,0.04,0.0,Drizzle
177,177,2019-05-27,73,49.4,36.7,42.2,06:00:00,20:47:00,0.36,0.28,0.578,Snow
178,178,2019-05-28,53,50.5,35.7,42.5,06:00:00,20:48:00,0.211,0.211,0.0,Drizzle
179,179,2019-05-29,51,54.6,32.6,45.3,05:59:00,20:49:00,0.028,0.028,0.0,Light Drizzle
180,180,2019-05-30,63,60.5,33.3,47.5,05:58:00,20:50:00,0.154,0.154,0.0,Rain
181,181,2019-05-31,55,61.3,35.1,49.5,05:58:00,20:50:00,0.15,0.15,0.0,Heavy Drizzle
182,182,2019-06-01,61,62.2,38.8,51.5,05:58:00,20:51:00,0.195,0.195,0.0,Light Rain
183,183,2019-06-02,61,63.8,39.1,52.4,05:57:00,20:52:00,0.123,0.123,0.0,Light Rain
184,184,2019-06-03,51,64.5,39.7,53.4,05:57:00,20:53:00,0.016,0.016,0.0,Light Drizzle
185,185,2019-06-04,55,65.8,40.4,54.4,05:56:00,20:53:00,0.051,0.051,0.0,Heavy Drizzle
186,186,2019-06-05,2,67.7,42.4,56.8,05:56:00,20:54:00,0.0,0.0,0.0,Partly Cloudy
187,187,2019-06-06,53,72.9,44.1,60.2,05:56:00,20:55:00,0.052,0.052,0.0,Drizzle
188,188,2019-06-07,53,68.7,45.1,57.5,05:56:00,20:55:00,0.068,0.068,0.0,Drizzle
189,189,2019-06-08,51,48.1,36.3,42.0,05:55:00,20:56:00,0.004,0.004,0.0,Light Drizzle
190,190,2019-06-09,0,57.0,29.9,45.2,05:55:00,20:56:00,0.0,0.0,0.0,Sunny
191,191,2019-06-10,1,64.4,35.2,51.6,05:55:00,20:57:00,0.0,0.0,0.0,Mainly Sunny
192,192,2019-06-11,1,66.4,40.6,55.1,05:55:00,20:57:00,0.0,0.0,0.0,Mainly Sunny
193,193,2019-06-12,1,71.7,42.4,58.7,05:55:00,20:58:00,0.0,0.0,0.0,Mainly Sunny
194,194,2019-06-13,53,72.2,46.3,61.0,05:55:00,20:58:00,0.06,0.06,0.0,Drizzle
195,195,2019-06-14,51,65.8,42.4,56.8,05:55:00,20:59:00,0.012,0.012,0.0,Light Drizzle
196,196,2019-06-15,1,68.6,45.2,59.1,05:55:00,20:59:00,0.0,0.0,0.0,Mainly Sunny
197,197,2019-06-16,51,69.9,45.8,59.0,05:55:00,20:59:00,0.004,0.004,0.0,Light Drizzle
198,198,2019-06-17,63,66.1,47.8,58.3,05:55:00,21:00:00,0.15,0.15,0.0,Rain
199,199,2019-06-18,51,67.7,43.9,57.3,05:55:00,21:00:00,0.012,0.012,0.0,Light Drizzle
200,200,2019-06-19,1,70.5,51.1,61.2,05:55:00,21:00:00,0.0,0.0,0.0,Mainly Sunny
201,201,2019-06-20,61,70.3,47.1,58.3,05:55:00,21:01:00,0.114,0.114,0.0,Light Rain
202,202,2019-06-21,3,53.0,38.8,45.9,05:56:00,21:01:00,0.0,0.0,0.0,Cloudy
203,203,2019-06-22,53,52.9,38.8,46.3,05:56:00,21:01:00,0.02,0.02,0.0,Drizzle
204,204,2019-06-23,1,62.8,36.4,51.2,05:56:00,21:01:00,0.0,0.0,0.0,Mainly Sunny
205,205,2019-06-24,51,68.7,42.4,57.3,05:56:00,21:01:00,0.008,0.008,0.0,Light Drizzle
206,206,2019-06-25,51,76.6,45.0,61.7,05:57:00,21:02:00,0.004,0.004,0.0,Light Drizzle
207,207,2019-06-26,1,76.6,50.0,64.7,05:57:00,21:02:00,0.0,0.0,0.0,Mainly Sunny
208,208,2019-06-27,3,77.4,54.7,66.8,05:57:00,21:02:00,0.0,0.0,0.0,Cloudy
209,209,2019-06-28,0,80.7,52.7,68.1,05:58:00,21:02:00,0.0,0.0,0.0,Sunny
210,210,2019-06-29,2,78.6,54.6,66.9,05:58:00,21:02:00,0.0,0.0,0.0,Partly Cloudy
211,211,2019-06-30,51,75.9,55.9,65.1,05:59:00,21:02:00,0.024,0.024,0.0,Light Drizzle
212,212,2019-07-01,0,79.3,49.3,65.9,05:59:00,21:01:00,0.0,0.0,0.0,Sunny
213,213,2019-07-02,1,81.3,52.3,68.0,06:00:00,21:01:00,0.0,0.0,0.0,Mainly Sunny
214,214,2019-07-03,2,78.2,55.4,66.5,06:00:00,21:01:00,0.0,0.0,0.0,Partly Cloudy
215,215,2019-07-04,61,70.9,50.3,60.8,06:01:00,21:01:00,0.173,0.173,0.0,Light Rain
216,216,2019-07-05,1,72.3,45.0,60.5,06:01:00,21:01:00,0.0,0.0,0.0,Mainly Sunny
217,217,2019-07-06,1,78.4,48.3,65.6,06:02:00,21:00:00,0.0,0.0,0.0,Mainly Sunny
218,218,2019-07-07,51,78.4,52.8,67.1,06:03:00,21:00:00,0.004,0.004,0.0,Light Drizzle
219,219,2019-07-08,51,74.9,53.3,63.9,06:03:00,21:00:00,0.016,0.016,0.0,Light Drizzle
220,220,2019-07-09,1,75.3,48.9,64.0,06:04:00,20:59:00,0.0,0.0,0.0,Mainly Sunny
221,221,2019-07-10,1,84.1,50.9,69.4,06:05:00,20:59:00,0.0,0.0,0.0,Mainly Sunny
222,222,2019-07-11,2,85.1,54.7,71.5,06:05:00,20:59:00,0.0,0.0,0.0,Partly Cloudy
223,223,2019-07-12,2,86.1,55.9,72.8,06:06:00,20:58:00,0.0,0.0,0.0,Partly Cloudy
224,224,2019-07-13,51,82.2,59.9,71.5,06:07:00,20:58:00,0.012,0.012,0.0,Light Drizzle
225,225,2019-07-14,2,85.4,56.9,72.9,06:08:00,20:57:00,0.0,0.0,0.0,Partly Cloudy
226,226,2019-07-15,1,83.8,57.8,71.8,06:08:00,20:57:00,0.0,0.0,0.0,Mainly Sunny
227,227,2019-07-16,0,84.7,53.6,71.3,06:09:00,20:56:00,0.0,0.0,0.0,Sunny
228,228,2019-07-17,1,80.4,54.4,69.5,06:10:00,20:55:00,0.0,0.0,0.0,Mainly Sunny
229,229,2019-07-18,1,84.7,62.0,73.2,06:11:00,20:55:00,0.0,0.0,0.0,Mainly Sunny
230,230,2019-07-19,1,84.7,63.1,74.2,06:12:00,20:54:00,0.0,0.0,0.0,Mainly Sunny
231,231,2019-07-20,1,82.0,55.8,70.3,06:12:00,20:53:00,0.0,0.0,0.0,Mainly Sunny
232,232,2019-07-21,51,87.2,54.4,72.6,06:13:00,20:52:00,0.012,0.012,0.0,Light Drizzle
233,233,2019-07-22,1,88.8,56.7,74.5,06:14:00,20:52:00,0.0,0.0,0.0,Mainly Sunny
234,234,2019-07-23,3,88.0,57.7,74.1,06:15:00,20:51:00,0.0,0.0,0.0,Cloudy
235,235,2019-07-24,61,77.9,63.6,70.0,06:16:00,20:50:00,0.142,0.142,0.0,Light Rain
236,236,2019-07-25,3,80.3,58.6,70.3,06:17:00,20:49:00,0.0,0.0,0.0,Cloudy
237,237,2019-07-26,53,75.8,61.6,67.0,06:18:00,20:48:00,0.14,0.14,0.0,Drizzle
238,238,2019-07-27,53,73.2,56.0,65.3,06:19:00,20:47:00,0.08,0.08,0.0,Drizzle
239,239,2019-07-28,1,80.5,52.9,68.3,06:20:00,20:46:00,0.0,0.0,0.0,Mainly Sunny
240,240,2019-07-29,2,84.9,55.0,71.2,06:20:00,20:45:00,0.0,0.0,0.0,Partly Cloudy
241,241,2019-07-30,2,86.5,60.2,74.2,06:21:00,20:44:00,0.0,0.0,0.0,Partly Cloudy
242,242,2019-07-31,61,77.2,58.7,66.9,06:22:00,20:43:00,0.174,0.174,0.0,Light Rain
243,243,2019-08-01,3,78.2,50.5,64.9,06:23:00,20:42:00,0.0,0.0,0.0,Cloudy
244,244,2019-08-02,1,84.0,55.1,70.3,06:24:00,20:41:00,0.0,0.0,0.0,Mainly Sunny
245,245,2019-08-03,51,84.6,56.2,71.4,06:25:00,20:40:00,0.024,0.024,0.0,Light Drizzle
246,246,2019-08-04,2,84.9,57.9,72.6,06:26:00,20:39:00,0.0,0.0,0.0,Partly Cloudy
247,247,2019-08-05,1,86.4,56.8,72.8,06:27:00,20:38:00,0.0,0.0,0.0,Mainly Sunny
248,248,2019-08-06,2,87.9,57.9,74.1,06:28:00,20:37:00,0.0,0.0,0.0,Partly Cloudy
249,249,2019-08-07,53,75.2,60.3,66.0,06:29:00,20:35:00,0.112,0.112,0.0,Drizzle
250,250,2019-08-08,63,67.6,56.0,61.9,06:30:00,20:34:00,0.335,0.335,0.0,Rain
251,251,2019-08-09,2,75.7,51.3,64.5,06:31:00,20:33:00,0.0,0.0,0.0,Partly Cloudy
252,252,2019-08-10,1,78.9,55.2,67.4,06:32:00,20:32:00,0.0,0.0,0.0,Mainly Sunny
253,253,2019-08-11,51,73.9,56.0,65.1,06:33:00,20:30:00,0.004,0.004,0.0,Light Drizzle
254,254,2019-08-12,0,72.4,50.6,62.4,06:34:00,20:29:00,0.0,0.0,0.0,Sunny
255,255,2019-08-13,0,78.7,48.6,65.0,06:35:00,20:28:00,0.0,0.0,0.0,Sunny
256,256,2019-08-14,1,81.2,50.2,67.4,06:36:00,20:26:00,0.0,0.0,0.0,Mainly Sunny
257,257,2019-08-15,51,81.8,51.5,68.3,06:37:00,20:25:00,0.004,0.004,0.0,Light Drizzle
258,258,2019-08-16,51,77.5,55.5,67.1,06:38:00,20:23:00,0.004,0.004,0.0,Light Drizzle
259,259,2019-08-17,1,77.1,51.7,65.8,06:39:00,20:22:00,0.0,0.0,0.0,Mainly Sunny
260,260,2019-08-18,0,82.4,50.4,68.0,06:40:00,20:21:00,0.0,0.0,0.0,Sunny
261,261,2019-08-19,1,83.1,57.0,70.9,06:41:00,20:19:00,0.0,0.0,0.0,Mainly Sunny
262,262,2019-08-20,0,84.5,53.9,70.4,06:42:00,20:18:00,0.0,0.0,0.0,Sunny
263,263,2019-08-21,0,85.6,51.8,70.6,06:43:00,20:16:00,0.0,0.0,0.0,Sunny
264,264,2019-08-22,51,80.8,56.0,68.0,06:44:00,20:15:00,0.012,0.012,0.0,Light Drizzle
265,265,2019-08-23,1,73.9,55.9,65.1,06:45:00,20:13:00,0.0,0.0,0.0,Mainly Sunny
266,266,2019-08-24,1,80.3,50.6,66.7,06:46:00,20:12:00,0.0,0.0,0.0,Mainly Sunny
267,267,2019-08-25,1,79.9,58.1,70.2,06:47:00,20:10:00,0.0,0.0,0.0,Mainly Sunny
268,268,2019-08-31,0,83.0,53.9,69.5,06:53:00,20:01:00,0.0,0.0,0.0,Sunny
269,269,2019-09-01,0,86.2,52.8,71.0,06:54:00,19:59:00,0.0,0.0,0.0,Sunny
270,270,2019-09-02,3,85.1,56.0,71.0,06:55:00,19:58:00,0.0,0.0,0.0,Cloudy
271,271,2019-09-03,55,80.1,59.2,69.4,06:55:00,19:56:00,0.119,0.119,0.0,Heavy Drizzle
272,272,2019-09-04,51,83.7,55.3,70.1,06:56:00,19:54:00,0.012,0.012,0.0,Light Drizzle
273,273,2019-09-05,53,83.1,59.9,70.8,06:57:00,19:53:00,0.04,0.04,0.0,Drizzle
274,274,2019-09-06,61,74.0,55.0,63.5,06:58:00,19:51:00,0.224,0.224,0.0,Light Rain
275,275,2019-09-07,1,74.5,51.4,63.8,06:59:00,19:49:00,0.0,0.0,0.0,Mainly Sunny
276,276,2019-09-08,61,68.1,50.4,57.2,07:00:00,19:48:00,0.221,0.221,0.0,Light Rain
277,277,2019-09-09,1,66.4,43.5,55.9,07:01:00,19:46:00,0.0,0.0,0.0,Mainly Sunny
278,278,2019-09-10,53,67.6,48.9,56.3,07:02:00,19:44:00,0.028,0.028,0.0,Drizzle
279,279,2019-09-11,61,51.1,42.2,46.6,07:03:00,19:43:00,0.596,0.596,0.0,Light Rain
280,280,2019-09-12,1,59.6,38.8,49.3,07:04:00,19:41:00,0.0,0.0,0.0,Mainly Sunny
281,281,2019-09-13,0,66.7,39.7,53.6,07:05:00,19:39:00,0.0,0.0,0.0,Sunny
282,282,2019-09-14,0,73.6,42.7,58.5,07:06:00,19:38:00,0.0,0.0,0.0,Sunny
283,283,2019-09-15,0,76.1,46.8,61.5,07:07:00,19:36:00,0.0,0.0,0.0,Sunny
284,284,2019-09-16,3,73.6,52.4,63.3,07:08:00,19:34:00,0.0,0.0,0.0,Cloudy
285,285,2019-09-17,53,62.9,43.3,51.2,07:09:00,19:33:00,0.095,0.095,0.0,Drizzle
286,286,2019-09-18,1,68.6,39.6,54.3,07:10:00,19:31:00,0.0,0.0,0.0,Mainly Sunny
287,287,2019-09-19,2,65.8,44.2,53.3,07:11:00,19:29:00,0.0,0.0,0.0,Partly Cloudy
288,288,2019-09-20,71,48.3,37.9,41.8,07:12:00,19:28:00,0.381,0.378,0.028,Light Snow
289,289,2019-09-21,3,50.4,33.9,42.5,07:13:00,19:26:00,0.0,0.0,0.0,Cloudy
290,290,2019-09-22,1,61.1,34.3,47.6,07:14:00,19:24:00,0.0,0.0,0.0,Mainly Sunny
291,291,2019-09-23,3,64.0,42.4,52.2,07:15:00,19:23:00,0.0,0.0,0.0,Cloudy
292,292,2019-09-24,1,61.3,42.2,51.4,07:16:00,19:21:00,0.0,0.0,0.0,Mainly Sunny
293,293,2019-09-25,1,64.0,45.4,53.8,07:17:00,19:19:00,0.0,0.0,0.0,Mainly Sunny
294,294,2019-09-26,0,68.2,42.0,54.9,07:18:00,19:17:00,0.0,0.0,0.0,Sunny
295,295,2019-09-27,51,59.1,47.3,53.6,07:19:00,19:16:00,0.068,0.068,0.0,Light Drizzle
296,296,2019-09-28,63,57.8,42.7,49.4,07:20:00,19:14:00,0.897,0.897,0.0,Rain
297,297,2019-09-29,71,44.8,34.3,40.5,07:21:00,19:12:00,0.714,0.696,0.138,Light Snow
298,298,2019-09-30,51,46.9,30.0,38.2,07:22:00,19:11:00,0.008,0.008,0.0,Light Drizzle
299,299,2019-10-01,0,47.5,30.1,38.3,07:23:00,19:09:00,0.0,0.0,0.0,Sunny
300,300,2019-10-02,73,44.9,31.6,37.7,07:24:00,19:07:00,0.076,0.024,0.36,Snow
301,301,2019-10-03,0,59.9,30.0,43.7,07:25:00,19:06:00,0.0,0.0,0.0,Sunny
302,302,2019-10-04,53,49.7,35.4,41.3,07:26:00,19:04:00,0.06,0.06,0.0,Drizzle
303,303,2019-10-05,1,47.3,28.5,38.1,07:27:00,19:03:00,0.0,0.0,0.0,Mainly Sunny
304,304,2019-10-06,0,49.7,29.6,40.3,07:28:00,19:01:00,0.0,0.0,0.0,Sunny
305,305,2019-10-07,0,58.7,29.7,43.0,07:29:00,18:59:00,0.0,0.0,0.0,Sunny
306,306,2019-10-08,1,61.8,34.3,47.5,07:30:00,18:58:00,0.0,0.0,0.0,Mainly Sunny
307,307,2019-10-09,71,44.7,26.7,36.9,07:31:00,18:56:00,0.008,0.004,0.028,Light Snow
308,308,2019-10-10,2,30.7,21.0,26.1,07:32:00,18:55:00,0.0,0.0,0.0,Partly Cloudy
309,309,2019-10-11,0,42.6,24.7,32.1,07:33:00,18:53:00,0.0,0.0,0.0,Sunny
310,310,2019-10-12,0,49.3,25.3,35.8,07:34:00,18:51:00,0.0,0.0,0.0,Sunny
311,311,2019-10-13,1,55.9,26.9,39.9,07:36:00,18:50:00,0.0,0.0,0.0,Mainly Sunny
312,312,2019-10-14,0,54.9,31.0,41.7,07:37:00,18:48:00,0.0,0.0,0.0,Sunny
313,313,2019-10-15,1,57.6,30.9,43.1,07:38:00,18:47:00,0.0,0.0,0.0,Mainly Sunny
314,314,2019-10-16,1,65.2,32.4,47.4,07:39:00,18:45:00,0.0,0.0,0.0,Mainly Sunny
315,315,2019-10-17,61,60.4,39.1,48.2,07:40:00,18:44:00,0.189,0.189,0.0,Light Rain
316,316,2019-10-18,73,42.4,29.8,36.0,07:41:00,18:42:00,0.09,0.043,0.36,Snow
317,317,2019-10-19,75,46.9,28.0,35.0,07:42:00,18:41:00,0.377,0.048,2.315,Heavy Snow
318,318,2019-10-20,73,32.0,20.8,27.6,07:43:00,18:39:00,0.22,0.012,1.433,Snow
319,319,2019-10-21,71,36.5,21.9,30.2,07:44:00,18:38:00,0.056,0.02,0.305,Light Snow
320,320,2019-10-22,3,46.3,23.8,35.5,07:45:00,18:36:00,0.0,0.0,0.0,Cloudy
321,321,2019-10-23,73,42.0,25.4,36.5,07:46:00,18:35:00,0.052,0.016,0.277,Snow
322,322,2019-10-24,1,38.6,22.4,30.0,07:48:00,18:34:00,0.0,0.0,0.0,Mainly Sunny
323,323,2019-10-25,0,50.2,25.7,36.2,07:49:00,18:32:00,0.0,0.0,0.0,Sunny
324,324,2019-10-26,1,51.9,30.0,38.1,07:50:00,18:31:00,0.0,0.0,0.0,Mainly Sunny
325,325,2019-10-27,73,29.6,22.7,26.4,07:51:00,18:30:00,0.156,0.0,1.075,Snow
326,326,2019-10-28,73,27.8,18.1,22.6,07:52:00,18:28:00,0.04,0.0,0.332,Snow
327,327,2019-10-29,73,21.7,1.8,15.0,07:53:00,18:27:00,0.184,0.0,1.298,Snow
328,328,2019-10-30,2,20.0,-11.5,7.1,07:54:00,18:26:00,0.0,0.0,0.0,Partly Cloudy
329,329,2019-10-31,1,33.7,-1.6,16.2,07:56:00,18:24:00,0.0,0.0,0.0,Mainly Sunny
330,330,2019-11-01,0,35.4,6.5,21.2,07:57:00,18:23:00,0.0,0.0,0.0,Sunny
331,331,2019-11-02,1,38.5,5.7,21.0,07:58:00,18:22:00,0.0,0.0,0.0,Mainly Sunny
332,332,2019-11-03,1,41.8,15.0,27.6,07:59:00,18:21:00,0.0,0.0,0.0,Mainly Sunny
333,333,2019-11-04,1,44.1,21.9,32.0,08:00:00,18:20:00,0.0,0.0,0.0,Mainly Sunny
334,334,2019-11-05,0,47.8,24.4,34.5,08:02:00,18:19:00,0.0,0.0,0.0,Sunny
335,335,2019-11-06,3,50.7,26.9,36.3,08:03:00,18:17:00,0.0,0.0,0.0,Cloudy
336,336,2019-11-07,0,50.0,25.9,35.7,08:04:00,18:16:00,0.0,0.0,0.0,Sunny
337,337,2019-11-08,0,51.5,27.3,37.0,08:05:00,18:15:00,0.0,0.0,0.0,Sunny
338,338,2019-11-09,0,53.7,27.4,38.0,08:06:00,18:14:00,0.0,0.0,0.0,Sunny
339,339,2019-11-10,2,49.6,29.6,37.6,08:07:00,18:13:00,0.0,0.0,0.0,Partly Cloudy
340,340,2019-11-11,1,42.7,26.4,36.2,08:09:00,18:12:00,0.0,0.0,0.0,Mainly Sunny
341,341,2019-11-12,1,47.0,25.6,34.3,08:10:00,18:11:00,0.0,0.0,0.0,Mainly Sunny
342,342,2019-11-13,1,47.1,30.5,37.5,08:11:00,18:10:00,0.0,0.0,0.0,Mainly Sunny
343,343,2019-11-14,3,52.1,27.4,37.3,08:12:00,18:10:00,0.0,0.0,0.0,Cloudy
344,344,2019-11-15,3,53.2,30.7,40.1,08:13:00,18:09:00,0.0,0.0,0.0,Cloudy
345,345,2019-11-16,2,43.0,28.9,36.9,08:14:00,18:08:00,0.0,0.0,0.0,Partly Cloudy
346,346,2019-11-17,1,45.9,26.9,35.0,08:16:00,18:07:00,0.0,0.0,0.0,Mainly Sunny
347,347,2019-11-18,1,49.4,29.5,37.2,08:17:00,18:06:00,0.0,0.0,0.0,Mainly Sunny
348,348,2019-11-19,2,53.7,32.6,40.4,08:18:00,18:06:00,0.0,0.0,0.0,Partly Cloudy
349,349,2019-11-20,73,38.8,31.6,33.9,08:19:00,18:05:00,0.195,0.072,0.855,Snow
350,350,2019-11-21,73,37.9,27.2,30.9,08:20:00,18:04:00,0.116,0.02,0.747,Snow
351,351,2019-11-22,71,34.4,25.5,29.6,08:21:00,18:04:00,0.004,0.0,0.14,Light Snow
352,352,2019-11-23,1,38.0,25.3,30.3,08:22:00,18:03:00,0.0,0.0,0.0,Mainly Sunny
353,353,2019-11-24,3,40.5,23.7,30.3,08:24:00,18:03:00,0.0,0.0,0.0,Cloudy
354,354,2019-11-25,73,28.6,19.4,25.2,08:25:00,18:02:00,0.306,0.004,2.122,Snow
355,355,2019-11-26,71,19.4,8.9,14.2,08:26:00,18:02:00,0.02,0.0,0.307,Light Snow
356,356,2019-11-27,73,26.7,12.4,20.4,08:27:00,18:01:00,0.08,0.0,0.691,Snow
357,357,2019-11-28,75,27.8,18.0,22.8,08:28:00,18:01:00,0.613,0.0,4.271,Heavy Snow
358,358,2019-11-29,75,29.0,20.9,24.8,08:29:00,18:00:00,0.949,0.0,6.642,Heavy Snow
359,359,2019-11-30,73,21.1,4.7,16.5,08:30:00,18:00:00,0.128,0.0,0.939,Snow
360,360,2019-12-01,2,29.7,2.1,13.1,08:31:00,18:00:00,0.0,0.0,0.0,Partly Cloudy
361,361,2019-12-02,3,32.1,16.3,23.6,08:32:00,18:00:00,0.0,0.0,0.0,Cloudy
362,362,2019-12-03,3,33.3,20.8,26.2,08:33:00,17:59:00,0.0,0.0,0.0,Cloudy
363,363,2019-12-04,71,37.2,16.9,26.0,08:34:00,17:59:00,0.032,0.028,0.028,Light Snow
364,364,2019-12-08,75,33.7,25.7,30.6,08:38:00,17:59:00,0.433,0.048,2.702,Heavy Snow
365,365,2019-12-13,75,30.9,25.1,28.0,08:42:00,17:59:00,0.345,0.004,2.397,Heavy Snow
366,366,2019-12-14,75,29.0,17.4,24.9,08:43:00,18:00:00,0.576,0.0,4.079,Heavy Snow
367,367,2019-12-15,71,19.7,7.6,13.4,08:43:00,18:00:00,0.016,0.0,0.222,Light Snow
368,368,2019-12-18,3,24.8,1.2,11.5,08:45:00,18:01:00,0.0,0.0,0.0,Cloudy
369,369,2019-12-20,1,28.4,7.2,16.4,08:46:00,18:02:00,0.0,0.0,0.0,Mainly Sunny
370,370,2019-12-21,1,35.4,14.9,22.9,08:47:00,18:02:00,0.0,0.0,0.0,Mainly Sunny
371,371,2019-12-22,3,36.9,22.9,28.1,08:47:00,18:03:00,0.0,0.0,0.0,Cloudy
372,372,2019-12-24,73,34.3,25.7,29.2,08:48:00,18:04:00,0.256,0.004,1.766,Snow
373,373,2019-12-25,73,27.7,16.3,24.7,08:49:00,18:04:00,0.263,0.0,1.876,Snow
374,374,2019-12-28,71,16.9,9.5,12.0,08:50:00,18:06:00,0.0,0.0,0.28,Light Snow
375,375,2020-04-29,1,64.8,29.6,45.2,06:27:00,20:21:00,0.0,0.0,0.0,Mainly Sunny
376,376,2020-05-01,51,54.4,33.0,44.3,06:24:00,20:23:00,0.028,0.028,0.0,Light Drizzle
377,377,2020-05-02,51,57.7,33.6,45.8,06:23:00,20:24:00,0.072,0.072,0.0,Light Drizzle
378,378,2020-05-07,0,46.9,34.2,41.5,06:17:00,20:29:00,0.0,0.0,0.0,Sunny
379,379,2020-05-08,0,56.6,28.9,43.5,06:16:00,20:30:00,0.0,0.0,0.0,Sunny
380,380,2020-05-09,0,59.6,30.3,46.3,06:15:00,20:31:00,0.0,0.0,0.0,Sunny
381,381,2020-05-10,3,68.0,31.6,50.1,06:13:00,20:32:00,0.0,0.0,0.0,Cloudy
382,382,2020-05-11,51,68.1,41.3,54.9,06:12:00,20:33:00,0.044,0.044,0.0,Light Drizzle
383,383,2020-05-12,51,61.5,42.4,51.9,06:11:00,20:34:00,0.024,0.024,0.0,Light Drizzle
384,384,2020-05-13,51,51.3,40.5,46.2,06:10:00,20:35:00,0.056,0.056,0.0,Light Drizzle
385,385,2020-05-14,51,55.1,34.2,45.5,06:10:00,20:36:00,0.024,0.024,0.0,Light Drizzle
386,386,2020-05-15,51,53.9,39.5,46.4,06:09:00,20:37:00,0.012,0.012,0.0,Light Drizzle
387,387,2020-05-16,2,58.3,32.5,47.8,06:08:00,20:38:00,0.0,0.0,0.0,Partly Cloudy
388,388,2020-05-17,1,72.6,39.6,57.6,06:07:00,20:39:00,0.0,0.0,0.0,Mainly Sunny
389,389,2020-05-18,1,72.2,50.9,62.2,06:06:00,20:40:00,0.0,0.0,0.0,Mainly Sunny
390,390,2020-05-19,55,66.3,42.4,54.1,06:05:00,20:41:00,0.103,0.103,0.0,Heavy Drizzle
391,391,2020-05-20,53,49.7,36.5,44.0,06:04:00,20:42:00,0.092,0.092,0.0,Drizzle
392,392,2020-05-21,51,55.9,35.8,45.5,06:04:00,20:43:00,0.124,0.124,0.0,Light Drizzle
393,393,2020-05-22,51,59.7,38.7,48.6,06:03:00,20:44:00,0.024,0.024,0.0,Light Drizzle
394,394,2020-05-23,73,44.8,31.6,38.7,06:02:00,20:44:00,0.202,0.032,1.212,Snow
395,395,2020-05-24,51,48.9,29.9,40.9,06:01:00,20:45:00,0.012,0.012,0.0,Light Drizzle
396,396,2020-05-25,1,58.2,31.5,45.5,06:01:00,20:46:00,0.0,0.0,0.0,Mainly Sunny
397,397,2020-05-26,1,67.5,36.9,54.1,06:00:00,20:47:00,0.0,0.0,0.0,Mainly Sunny
398,398,2020-05-27,2,68.4,46.1,58.2,06:00:00,20:48:00,0.0,0.0,0.0,Partly Cloudy
399,399,2020-05-28,1,73.0,43.3,60.1,05:59:00,20:49:00,0.0,0.0,0.0,Mainly Sunny
400,400,2020-05-29,51,79.3,47.1,64.5,05:59:00,20:49:00,0.016,0.016,0.0,Light Drizzle
401,401,2020-05-30,61,79.8,51.2,64.3,05:58:00,20:50:00,0.095,0.095,0.0,Light Rain
402,402,2020-05-31,53,75.1,51.4,63.9,05:58:00,20:51:00,0.02,0.02,0.0,Drizzle
403,403,2020-06-01,2,77.1,51.8,65.6,05:57:00,20:52:00,0.0,0.0,0.0,Partly Cloudy
404,404,2020-06-02,2,73.4,50.4,63.6,05:57:00,20:52:00,0.0,0.0,0.0,Partly Cloudy
405,405,2020-06-03,53,75.0,49.0,63.3,05:56:00,20:53:00,0.028,0.028,0.0,Drizzle
406,406,2020-06-04,2,75.4,51.5,65.0,05:56:00,20:54:00,0.0,0.0,0.0,Partly Cloudy
407,407,2020-06-05,51,83.9,50.1,67.8,05:56:00,20:54:00,0.016,0.016,0.0,Light Drizzle
408,408,2020-06-06,61,66.8,46.4,57.9,05:56:00,20:55:00,0.452,0.452,0.0,Light Rain
409,409,2020-06-07,71,46.7,38.1,43.5,05:55:00,20:55:00,0.533,0.521,0.083,Light Snow
410,410,2020-06-08,73,43.7,32.7,38.4,05:55:00,20:56:00,0.292,0.18,0.83,Snow
411,411,2020-06-09,2,53.9,31.7,44.5,05:55:00,20:57:00,0.0,0.0,0.0,Partly Cloudy
412,412,2020-06-10,51,63.8,36.0,51.6,05:55:00,20:57:00,0.008,0.008,0.0,Light Drizzle
413,413,2020-06-11,1,73.2,39.7,58.0,05:55:00,20:58:00,0.0,0.0,0.0,Mainly Sunny
414,414,2020-06-12,2,79.3,46.1,63.9,05:55:00,20:58:00,0.0,0.0,0.0,Partly Cloudy
415,415,2020-06-13,3,70.0,53.0,60.9,05:55:00,20:59:00,0.0,0.0,0.0,Cloudy
416,416,2020-06-14,1,62.8,46.9,54.4,05:55:00,20:59:00,0.0,0.0,0.0,Mainly Sunny
417,417,2020-06-15,1,74.0,43.0,59.9,05:55:00,20:59:00,0.0,0.0,0.0,Mainly Sunny
418,418,2020-06-16,51,64.0,50.2,57.1,05:55:00,21:00:00,0.052,0.052,0.0,Light Drizzle
419,419,2020-06-17,61,51.3,39.9,46.0,05:55:00,21:00:00,0.328,0.328,0.0,Light Rain
420,420,2020-06-18,2,58.7,35.3,48.8,05:55:00,21:00:00,0.0,0.0,0.0,Partly Cloudy
421,421,2020-06-19,1,62.8,38.5,52.5,05:55:00,21:01:00,0.0,0.0,0.0,Mainly Sunny
422,422,2020-06-20,2,68.7,41.5,57.4,05:55:00,21:01:00,0.0,0.0,0.0,Partly Cloudy
423,423,2020-06-21,1,74.3,46.7,62.3,05:56:00,21:01:00,0.0,0.0,0.0,Mainly Sunny
424,424,2020-06-22,0,71.2,51.5,62.2,05:56:00,21:01:00,0.0,0.0,0.0,Sunny
425,425,2020-06-23,0,75.8,47.8,63.6,05:56:00,21:01:00,0.0,0.0,0.0,Sunny
426,426,2020-06-24,1,80.6,48.7,67.0,05:57:00,21:01:00,0.0,0.0,0.0,Mainly Sunny
427,427,2020-06-25,61,75.6,52.3,64.1,05:57:00,21:02:00,0.11,0.11,0.0,Light Rain
428,428,2020-06-26,2,75.8,49.6,63.5,05:57:00,21:02:00,0.0,0.0,0.0,Partly Cloudy
429,429,2020-06-27,3,79.5,49.4,66.6,05:58:00,21:02:00,0.0,0.0,0.0,Cloudy
430,430,2020-06-28,53,77.5,49.4,64.3,05:58:00,21:02:00,0.127,0.127,0.0,Drizzle
431,431,2020-06-29,71,52.1,38.2,44.9,05:59:00,21:01:00,0.38,0.368,0.084,Light Snow
432,432,2020-06-30,55,55.9,39.4,47.8,05:59:00,21:01:00,0.218,0.218,0.0,Heavy Drizzle
433,433,2020-07-01,2,71.5,40.5,57.3,06:00:00,21:01:00,0.0,0.0,0.0,Partly Cloudy
434,434,2020-07-02,1,74.3,50.7,63.1,06:00:00,21:01:00,0.0,0.0,0.0,Mainly Sunny
435,435,2020-07-03,1,78.6,51.9,66.3,06:01:00,21:01:00,0.0,0.0,0.0,Mainly Sunny
436,436,2020-07-04,0,80.2,53.8,68.2,06:01:00,21:01:00,0.0,0.0,0.0,Sunny
437,437,2020-07-05,2,79.3,51.5,66.8,06:02:00,21:00:00,0.0,0.0,0.0,Partly Cloudy
438,438,2020-07-06,1,83.1,50.3,68.7,06:02:00,21:00:00,0.0,0.0,0.0,Mainly Sunny
439,439,2020-07-07,1,76.8,59.2,68.7,06:03:00,21:00:00,0.0,0.0,0.0,Mainly Sunny
440,440,2020-07-08,0,75.7,50.8,64.8,06:04:00,21:00:00,0.0,0.0,0.0,Sunny
441,441,2020-07-09,0,80.9,49.2,67.2,06:04:00,20:59:00,0.0,0.0,0.0,Sunny
442,442,2020-07-10,1,81.4,55.2,69.8,06:05:00,20:59:00,0.0,0.0,0.0,Mainly Sunny
443,443,2020-07-11,1,85.9,53.7,71.9,06:06:00,20:58:00,0.0,0.0,0.0,Mainly Sunny
444,444,2020-07-12,51,85.4,58.5,73.1,06:07:00,20:58:00,0.016,0.016,0.0,Light Drizzle
445,445,2020-07-13,2,80.6,57.5,70.0,06:07:00,20:57:00,0.0,0.0,0.0,Partly Cloudy
446,446,2020-07-14,1,77.5,54.4,67.2,06:08:00,20:57:00,0.0,0.0,0.0,Mainly Sunny
447,447,2020-07-15,0,79.5,51.2,67.2,06:09:00,20:56:00,0.0,0.0,0.0,Sunny
448,448,2020-07-16,2,84.6,52.3,70.5,06:10:00,20:55:00,0.0,0.0,0.0,Partly Cloudy
449,449,2020-07-17,2,85.8,57.7,73.8,06:10:00,20:55:00,0.0,0.0,0.0,Partly Cloudy
450,450,2020-07-18,1,83.4,58.7,73.0,06:11:00,20:54:00,0.0,0.0,0.0,Mainly Sunny
451,451,2020-07-19,51,82.9,55.6,71.2,06:12:00,20:53:00,0.008,0.008,0.0,Light Drizzle
452,452,2020-07-20,1,82.3,55.0,70.6,06:13:00,20:53:00,0.0,0.0,0.0,Mainly Sunny
453,453,2020-07-21,1,84.0,53.7,70.9,06:14:00,20:52:00,0.0,0.0,0.0,Mainly Sunny
454,454,2020-07-22,53,75.3,61.3,65.9,06:15:00,20:51:00,0.06,0.06,0.0,Drizzle
455,455,2020-07-23,61,80.3,54.1,67.6,06:16:00,20:50:00,0.107,0.107,0.0,Light Rain
456,456,2020-07-24,51,77.6,54.0,67.3,06:17:00,20:49:00,0.004,0.004,0.0,Light Drizzle
457,457,2020-07-25,1,80.2,53.8,68.2,06:18:00,20:48:00,0.0,0.0,0.0,Mainly Sunny
458,458,2020-07-26,2,82.3,53.8,69.5,06:18:00,20:47:00,0.0,0.0,0.0,Partly Cloudy
459,459,2020-07-27,3,85.2,55.0,71.5,06:19:00,20:47:00,0.0,0.0,0.0,Cloudy
460,460,2020-07-28,53,78.8,56.3,68.0,06:20:00,20:46:00,0.035,0.035,0.0,Drizzle
461,461,2020-07-29,0,80.8,53.3,69.0,06:21:00,20:45:00,0.0,0.0,0.0,Sunny
462,462,2020-07-30,1,88.0,54.5,72.8,06:22:00,20:44:00,0.0,0.0,0.0,Mainly Sunny
463,463,2020-07-31,2,89.6,56.0,74.7,06:23:00,20:42:00,0.0,0.0,0.0,Partly Cloudy
464,464,2020-08-01,2,90.1,57.6,75.8,06:24:00,20:41:00,0.0,0.0,0.0,Partly Cloudy
465,465,2020-08-02,1,90.7,58.6,76.4,06:25:00,20:40:00,0.0,0.0,0.0,Mainly Sunny
466,466,2020-08-03,0,87.4,60.4,74.6,06:26:00,20:39:00,0.0,0.0,0.0,Sunny
467,467,2020-08-04,1,83.6,56.5,72.1,06:27:00,20:38:00,0.0,0.0,0.0,Mainly Sunny
468,468,2020-08-05,2,86.1,56.1,72.9,06:28:00,20:37:00,0.0,0.0,0.0,Partly Cloudy
469,469,2020-08-06,0,82.9,60.8,72.6,06:29:00,20:36:00,0.0,0.0,0.0,Sunny
470,470,2020-08-07,0,80.9,57.3,70.0,06:30:00,20:34:00,0.0,0.0,0.0,Sunny
471,471,2020-08-08,1,82.7,52.4,69.2,06:31:00,20:33:00,0.0,0.0,0.0,Mainly Sunny
472,472,2020-08-09,0,82.7,52.6,69.6,06:32:00,20:32:00,0.0,0.0,0.0,Sunny
473,473,2020-08-10,51,82.4,53.9,70.2,06:33:00,20:31:00,0.004,0.004,0.0,Light Drizzle
474,474,2020-08-11,3,82.0,55.2,69.4,06:34:00,20:29:00,0.0,0.0,0.0,Cloudy
475,475,2020-08-12,51,79.5,53.9,68.7,06:35:00,20:28:00,0.004,0.004,0.0,Light Drizzle
476,476,2020-08-13,0,82.3,52.8,69.3,06:36:00,20:27:00,0.0,0.0,0.0,Sunny
477,477,2020-08-14,0,79.7,57.1,69.8,06:37:00,20:25:00,0.0,0.0,0.0,Sunny
478,478,2020-08-15,0,83.5,52.5,69.8,06:38:00,20:24:00,0.0,0.0,0.0,Sunny
479,479,2020-08-16,0,87.6,54.0,72.5,06:39:00,20:22:00,0.0,0.0,0.0,Sunny
480,480,2020-08-17,0,90.5,55.4,75.0,06:40:00,20:21:00,0.0,0.0,0.0,Sunny
481,481,2020-08-18,53,88.2,57.7,75.2,06:41:00,20:20:00,0.02,0.02,0.0,Drizzle
482,482,2020-08-19,51,88.1,59.8,74.4,06:42:00,20:18:00,0.02,0.02,0.0,Light Drizzle
483,483,2020-08-20,51,84.2,60.8,72.4,06:43:00,20:17:00,0.012,0.012,0.0,Light Drizzle
484,484,2020-08-21,0,86.4,55.7,72.7,06:44:00,20:15:00,0.0,0.0,0.0,Sunny
485,485,2020-08-22,2,87.9,56.5,73.2,06:45:00,20:14:00,0.0,0.0,0.0,Partly Cloudy
486,486,2020-08-23,53,83.4,61.2,72.9,06:46:00,20:12:00,0.043,0.043,0.0,Drizzle
487,487,2020-08-24,2,85.0,60.2,72.3,06:46:00,20:11:00,0.0,0.0,0.0,Partly Cloudy
488,488,2020-08-25,1,85.5,58.7,73.0,06:47:00,20:09:00,0.0,0.0,0.0,Mainly Sunny
489,489,2020-08-26,2,84.7,59.0,73.0,06:48:00,20:08:00,0.0,0.0,0.0,Partly Cloudy
490,490,2020-08-27,2,82.9,63.4,72.5,06:49:00,20:06:00,0.0,0.0,0.0,Partly Cloudy
491,491,2020-08-28,1,81.8,55.4,69.4,06:50:00,20:04:00,0.0,0.0,0.0,Mainly Sunny
492,492,2020-08-29,51,79.7,57.7,68.4,06:51:00,20:03:00,0.008,0.008,0.0,Light Drizzle
493,493,2020-08-30,1,76.5,56.9,66.7,06:52:00,20:01:00,0.0,0.0,0.0,Mainly Sunny
494,494,2020-08-31,3,66.4,51.5,59.1,06:53:00,20:00:00,0.0,0.0,0.0,Cloudy
495,495,2020-09-01,0,63.4,44.0,54.1,06:54:00,19:58:00,0.0,0.0,0.0,Sunny
496,496,2020-09-02,1,75.2,45.3,61.0,06:55:00,19:56:00,0.0,0.0,0.0,Mainly Sunny
497,497,2020-09-03,0,79.5,50.5,65.5,06:56:00,19:55:00,0.0,0.0,0.0,Sunny
498,498,2020-09-04,0,84.7,50.7,68.5,06:57:00,19:53:00,0.0,0.0,0.0,Sunny
499,499,2020-09-05,0,88.1,52.2,71.5,06:58:00,19:51:00,0.0,0.0,0.0,Sunny
500,500,2020-09-06,0,85.1,54.9,71.3,06:59:00,19:50:00,0.0,0.0,0.0,Sunny
501,501,2020-09-07,51,78.0,61.0,71.3,07:00:00,19:48:00,0.008,0.008,0.0,Light Drizzle
502,502,2020-09-08,73,55.9,34.3,39.2,07:01:00,19:46:00,0.335,0.268,0.666,Snow
503,503,2020-09-09,2,53.2,30.7,41.0,07:02:00,19:45:00,0.0,0.0,0.0,Partly Cloudy
504,504,2020-09-10,1,60.2,35.2,47.2,07:03:00,19:43:00,0.0,0.0,0.0,Mainly Sunny
505,505,2020-09-11,0,66.5,38.9,53.0,07:04:00,19:42:00,0.0,0.0,0.0,Sunny
506,506,2020-09-12,0,73.2,42.0,58.2,07:05:00,19:40:00,0.0,0.0,0.0,Sunny
507,507,2020-09-13,0,76.8,43.0,60.7,07:06:00,19:38:00,0.0,0.0,0.0,Sunny
508,508,2020-09-14,0,78.4,46.4,62.9,07:07:00,19:37:00,0.0,0.0,0.0,Sunny
509,509,2020-09-15,0,78.0,45.6,62.8,07:08:00,19:35:00,0.0,0.0,0.0,Sunny
510,510,2020-09-16,0,78.7,46.7,63.3,07:09:00,19:33:00,0.0,0.0,0.0,Sunny
511,511,2020-09-17,2,80.3,46.9,64.6,07:10:00,19:31:00,0.0,0.0,0.0,Partly Cloudy
512,512,2020-09-18,3,76.7,50.5,64.4,07:11:00,19:30:00,0.0,0.0,0.0,Cloudy
513,513,2020-09-19,51,65.4,52.4,58.4,07:12:00,19:28:00,0.064,0.064,0.0,Light Drizzle
514,514,2020-09-20,0,67.1,41.9,55.0,07:13:00,19:26:00,0.0,0.0,0.0,Sunny
515,515,2020-09-21,1,74.9,44.2,60.2,07:14:00,19:25:00,0.0,0.0,0.0,Mainly Sunny
516,516,2020-09-22,53,74.4,53.3,62.9,07:15:00,19:23:00,0.035,0.035,0.0,Drizzle
517,517,2020-09-23,1,73.9,49.4,61.9,07:16:00,19:21:00,0.0,0.0,0.0,Mainly Sunny
518,518,2020-09-24,1,77.2,50.6,63.3,07:17:00,19:19:00,0.0,0.0,0.0,Mainly Sunny
519,519,2020-09-25,1,72.1,48.9,62.1,07:18:00,19:18:00,0.0,0.0,0.0,Mainly Sunny
520,520,2020-09-26,1,63.8,51.5,58.0,07:19:00,19:16:00,0.0,0.0,0.0,Mainly Sunny
521,521,2020-09-27,1,56.2,41.5,49.0,07:20:00,19:14:00,0.0,0.0,0.0,Mainly Sunny
522,522,2020-09-28,1,61.5,35.6,48.6,07:21:00,19:13:00,0.0,0.0,0.0,Mainly Sunny
523,523,2020-09-29,0,67.9,37.4,52.7,07:22:00,19:11:00,0.0,0.0,0.0,Sunny
524,524,2020-09-30,0,70.9,39.8,55.2,07:23:00,19:10:00,0.0,0.0,0.0,Sunny
525,525,2020-10-01,0,72.8,41.0,56.4,07:24:00,19:08:00,0.0,0.0,0.0,Sunny
526,526,2020-10-02,2,67.9,44.3,55.9,07:25:00,19:06:00,0.0,0.0,0.0,Partly Cloudy
527,527,2020-10-03,0,69.7,42.9,56.2,07:26:00,19:05:00,0.0,0.0,0.0,Sunny
528,528,2020-10-04,0,70.3,42.0,56.4,07:27:00,19:03:00,0.0,0.0,0.0,Sunny
529,529,2020-10-05,1,70.0,43.6,56.7,07:28:00,19:01:00,0.0,0.0,0.0,Mainly Sunny
530,530,2020-10-06,0,70.7,40.5,55.8,07:29:00,19:00:00,0.0,0.0,0.0,Sunny
531,531,2020-10-07,1,74.2,38.8,56.5,07:30:00,18:58:00,0.0,0.0,0.0,Mainly Sunny
532,532,2020-10-08,1,72.9,45.2,58.5,07:31:00,18:56:00,0.0,0.0,0.0,Mainly Sunny
533,533,2020-10-09,2,70.3,47.9,58.7,07:32:00,18:55:00,0.0,0.0,0.0,Partly Cloudy
534,534,2020-10-10,3,69.9,46.5,58.1,07:33:00,18:53:00,0.0,0.0,0.0,Cloudy
535,535,2020-10-11,61,55.9,38.1,43.8,07:34:00,18:52:00,0.355,0.355,0.0,Light Rain
536,536,2020-10-12,0,58.5,35.8,46.5,07:35:00,18:50:00,0.0,0.0,0.0,Sunny
537,537,2020-10-13,1,64.2,39.0,51.8,07:36:00,18:49:00,0.0,0.0,0.0,Mainly Sunny
538,538,2020-10-14,51,52.9,40.6,48.7,07:37:00,18:47:00,0.012,0.012,0.0,Light Drizzle
539,539,2020-10-15,1,46.0,34.1,39.6,07:39:00,18:45:00,0.0,0.0,0.0,Mainly Sunny
540,540,2020-10-16,0,54.5,30.6,42.0,07:40:00,18:44:00,0.0,0.0,0.0,Sunny
541,541,2020-10-17,1,58.8,37.8,47.9,07:41:00,18:42:00,0.0,0.0,0.0,Mainly Sunny
542,542,2020-10-18,2,58.9,40.3,49.8,07:42:00,18:41:00,0.0,0.0,0.0,Partly Cloudy
543,543,2020-10-19,2,59.2,43.0,51.2,07:43:00,18:40:00,0.0,0.0,0.0,Partly Cloudy
544,544,2020-10-20,1,57.9,42.4,49.9,07:44:00,18:38:00,0.0,0.0,0.0,Mainly Sunny
545,545,2020-10-21,1,60.7,40.5,49.8,07:45:00,18:37:00,0.0,0.0,0.0,Mainly Sunny
546,546,2020-10-22,1,46.2,32.7,38.4,07:46:00,18:35:00,0.0,0.0,0.0,Mainly Sunny
547,547,2020-10-23,3,42.2,28.2,34.9,07:47:00,18:34:00,0.0,0.0,0.0,Cloudy
548,548,2020-10-24,1,53.2,30.6,40.8,07:48:00,18:33:00,0.0,0.0,0.0,Mainly Sunny
549,549,2020-10-25,73,39.6,17.8,28.7,07:50:00,18:31:00,0.148,0.0,1.132,Snow
550,550,2020-10-26,0,29.8,11.5,20.6,07:51:00,18:30:00,0.0,0.0,0.0,Sunny
551,551,2020-10-27,1,38.3,20.0,28.0,07:52:00,18:29:00,0.0,0.0,0.0,Mainly Sunny
552,552,2020-10-28,0,46.7,25.4,34.0,07:53:00,18:27:00,0.0,0.0,0.0,Sunny
553,553,2020-10-29,0,52.3,28.4,38.3,07:54:00,18:26:00,0.0,0.0,0.0,Sunny
554,554,2020-10-30,0,55.3,28.4,40.7,07:55:00,18:25:00,0.0,0.0,0.0,Sunny
555,555,2020-10-31,0,52.3,34.8,43.6,07:57:00,18:23:00,0.0,0.0,0.0,Sunny
556,556,2020-11-01,0,59.0,29.4,42.4,07:58:00,18:22:00,0.0,0.0,0.0,Sunny
557,557,2020-11-02,0,62.0,30.4,44.4,07:59:00,18:21:00,0.0,0.0,0.0,Sunny
558,558,2020-11-04,0,60.8,36.3,47.3,08:01:00,18:19:00,0.0,0.0,0.0,Sunny
559,559,2020-11-06,3,63.5,39.6,49.9,08:04:00,18:17:00,0.0,0.0,0.0,Cloudy
560,560,2020-11-07,73,55.0,34.2,46.0,08:05:00,18:15:00,0.446,0.355,0.662,Snow
